"Number Of Tickets","Date Booked (UTC+10)","Time Booked","Booking Data: How Did You Find Out About Our Show?","Booking Data: Sub 1: Please Specify","Booking Data: What Is Your Postcode","Ticket Type",
"1","23 March 2026","08:07:14","","","","Season Ticket",
"1","23 March 2026","08:07:14","","","","Season Ticket",
"1","23 March 2026","08:07:14","","","","Season Ticket",
"1","23 March 2026","08:07:14","","","","Season Ticket",
"1","23 March 2026","08:08:41","","","","Season Ticket",
"1","23 March 2026","08:08:41","","","","Season Ticket",
"1","23 March 2026","08:08:41","","","","Season Ticket",
"1","23 March 2026","08:09:55","","","","Season Ticket",
"1","23 March 2026","08:09:55","","","","Season Ticket",
"1","23 March 2026","08:10:59","","","","Season Ticket",
"1","23 March 2026","08:12:10","","","","Season Ticket",
"1","23 March 2026","08:12:10","","","","Season Ticket",
"1","23 March 2026","08:13:22","","","","Season Ticket",
"1","23 March 2026","08:13:22","","","","Season Ticket",
"1","23 March 2026","08:31:10","","","","Season Ticket",
"1","23 March 2026","08:31:10","","","","Season Ticket",
"1","23 March 2026","08:32:26","","","","Season Ticket",
"1","23 March 2026","08:32:26","","","","Season Ticket",
"1","23 March 2026","08:33:45","","","","Season Ticket",
"1","23 March 2026","08:33:45","","","","Season Ticket",
"1","23 March 2026","08:35:23","","","","Season Ticket",
"1","23 March 2026","08:35:23","","","","Season Ticket",
"1","23 March 2026","08:48:51","","","","Season Ticket",
"1","23 March 2026","08:48:51","","","","Season Ticket",
"1","23 March 2026","08:48:51","","","","Season Ticket",
"1","23 March 2026","08:52:26","","","","Season Ticket",
"1","23 March 2026","08:52:26","","","","Season Ticket",
"1","23 March 2026","08:53:45","","","","Season Ticket",
"1","23 March 2026","08:53:45","","","","Season Ticket",
"1","23 March 2026","08:55:09","","","","Season Ticket",
"1","23 March 2026","08:55:09","","","","Season Ticket",
"1","23 March 2026","08:56:00","","","","Season Ticket",
"1","23 March 2026","08:56:00","","","","Season Ticket",
"1","23 March 2026","08:56:56","","","","Season Ticket",
"1","23 March 2026","08:56:56","","","","Season Ticket",
"1","23 March 2026","08:57:38","","","","Season Ticket",
"1","23 March 2026","08:57:38","","","","Season Ticket",
"1","23 March 2026","08:58:40","","","","Season Ticket",
"1","23 March 2026","08:58:40","","","","Season Ticket",
"1","23 March 2026","08:58:40","","","","Season Ticket",
"1","23 March 2026","08:58:40","","","","Season Ticket",
"1","23 March 2026","09:00:26","","","","Season Ticket",
"1","23 March 2026","09:00:26","","","","Season Ticket",
"1","23 March 2026","09:01:33","","","","Season Ticket",
"1","23 March 2026","09:01:33","","","","Season Ticket",
"1","23 March 2026","09:02:23","","","","Season Ticket",
"1","23 March 2026","09:02:23","","","","Season Ticket",
"1","23 March 2026","09:03:32","","","","Season Ticket",
"1","23 March 2026","09:03:32","","","","Season Ticket",
"1","23 March 2026","09:03:32","","","","Season Ticket",
"1","23 March 2026","09:03:32","","","","Season Ticket",
"1","23 March 2026","09:04:20","","","","Season Ticket",
"1","23 March 2026","09:04:20","","","","Season Ticket",
"1","23 March 2026","09:05:14","","","","Season Ticket",
"1","23 March 2026","09:05:14","","","","Season Ticket",
"1","23 March 2026","09:06:26","","","","Season Ticket",
"1","23 March 2026","09:06:26","","","","Season Ticket",
"1","23 March 2026","09:06:26","","","","Season Ticket",
"1","23 March 2026","09:06:26","","","","Season Ticket",
"1","23 March 2026","09:06:26","","","","Season Ticket",
"1","23 March 2026","09:07:41","","","","Season Ticket",
"1","23 March 2026","09:07:41","","","","Season Ticket",
"1","23 March 2026","09:07:41","","","","Season Ticket",
"1","23 March 2026","09:07:41","","","","Season Ticket",
"1","23 March 2026","09:07:41","","","","Season Ticket",
"1","23 March 2026","09:07:41","","","","Season Ticket",
"1","23 March 2026","09:08:50","","","","Season Ticket",
"1","23 March 2026","09:08:50","","","","Season Ticket",
"1","23 March 2026","09:11:25","","","","Season Ticket",
"1","23 March 2026","09:11:25","","","","Season Ticket",
"1","23 March 2026","09:11:25","","","","Season Ticket",
"1","23 March 2026","09:11:25","","","","Season Ticket",
"1","23 March 2026","09:12:08","","","","Season Ticket",
"1","23 March 2026","09:12:08","","","","Season Ticket",
"1","23 March 2026","09:12:08","","","","Season Ticket",
"1","23 March 2026","09:12:08","","","","Season Ticket",
"1","23 March 2026","09:12:08","","","","Season Ticket",
"1","23 March 2026","09:13:10","","","","Season Ticket",
"1","23 March 2026","09:13:10","","","","Season Ticket",
"1","23 March 2026","09:15:01","","","","Season Ticket",
"1","23 March 2026","09:15:01","","","","Season Ticket",
"1","23 March 2026","09:15:49","","","","Season Ticket",
"1","23 March 2026","09:15:49","","","","Season Ticket",
"1","23 March 2026","09:16:41","","","","Season Ticket",
"1","23 March 2026","09:16:41","","","","Season Ticket",
"1","23 March 2026","09:16:41","","","","Season Ticket",
"1","23 March 2026","09:16:41","","","","Season Ticket",
"1","23 March 2026","09:16:41","","","","Season Ticket",
"1","23 March 2026","09:16:41","","","","Season Ticket",
"1","23 March 2026","09:17:28","","","","Season Ticket",
"1","23 March 2026","17:42:23","","","","Concession",
"1","23 March 2026","17:42:23","","","","Concession",
"1","23 March 2026","17:42:23","","","","Season Ticket",
"1","23 March 2026","17:42:23","","","","Complimentary",
"1","28 March 2026","09:57:28","","","","Concession",
"1","28 March 2026","09:57:28","","","","Season Ticket",
"1","28 March 2026","09:57:28","","","","Season Ticket",
"1","28 March 2026","09:58:12","","","","Season Ticket",
"1","28 March 2026","09:58:12","","","","Season Ticket",
"1","28 March 2026","10:04:13","","","","Complimentary",
"1","28 March 2026","10:04:13","","","","Complimentary",
"1","28 March 2026","10:07:58","","","","Season Ticket",
"1","28 March 2026","10:07:58","","","","Season Ticket",
"1","28 March 2026","10:13:31","","","","Season Ticket",
"1","28 March 2026","10:13:31","","","","Season Ticket",
"1","28 March 2026","10:14:14","","","","Season Ticket",
"1","28 March 2026","10:14:14","","","","Season Ticket",
"1","28 March 2026","10:15:11","","","","Season Ticket",
"1","28 March 2026","10:16:15","","","","Season Ticket",
"1","28 March 2026","10:28:23","","","","Season Ticket",
"1","28 March 2026","10:28:23","","","","Season Ticket",
"1","28 March 2026","13:22:21","","","","Season Ticket",
"1","28 March 2026","13:22:21","","","","Season Ticket",
"1","6 April 2026","18:09:22","","","","Season Ticket",
"1","6 April 2026","18:09:22","","","","Season Ticket",
"1","6 April 2026","18:10:54","","","","Season Ticket",
"1","6 April 2026","18:10:54","","","","Season Ticket",
"1","6 April 2026","18:12:15","","","","Season Ticket",
"1","6 April 2026","18:12:15","","","","Season Ticket",
"1","6 April 2026","18:14:02","","","","Season Ticket",
"1","6 April 2026","18:14:02","","","","Season Ticket",
"1","6 April 2026","18:14:02","","","","Season Ticket",
"1","6 April 2026","18:15:47","","","","Season Ticket",
"1","6 April 2026","18:15:47","","","","Season Ticket",
"1","6 April 2026","18:17:56","","","","Season Ticket",
"1","6 April 2026","18:23:47","","","","Season Ticket",
"1","6 April 2026","18:23:47","","","","Season Ticket",
"1","6 April 2026","18:25:10","","","","Season Ticket",
"1","6 April 2026","18:25:10","","","","Season Ticket",
"1","6 April 2026","18:43:26","","","","Season Ticket",
"1","6 April 2026","18:43:26","","","","Season Ticket",
"1","8 April 2026","19:37:07","","","","Concession",
"1","8 April 2026","19:37:07","","","","Concession",
"1","8 April 2026","19:37:07","","","","Season Ticket",
"1","8 April 2026","19:37:07","","","","Season Ticket",
"1","8 April 2026","19:39:10","","","","Concession",
"1","8 April 2026","19:39:10","","","","Season Ticket",
"1","8 April 2026","19:41:00","","","","Concession",
"1","8 April 2026","19:41:00","","","","Season Ticket",
"1","8 April 2026","19:42:49","","","","Junior",
"1","8 April 2026","19:42:49","","","","Season Ticket",
"1","8 April 2026","19:42:49","","","","Season Ticket",
"1","8 April 2026","19:47:04","","","","Season Ticket",
"1","8 April 2026","19:48:02","","","","Season Ticket",
"1","8 April 2026","19:48:02","","","","Season Ticket",
"1","8 April 2026","19:50:29","","","","Season Ticket",
"1","8 April 2026","19:50:29","","","","Season Ticket",
"1","8 April 2026","19:50:29","","","","Season Ticket",
"1","11 April 2026","13:12:51","","","","Adult",
"1","11 April 2026","13:12:51","","","","Season Ticket",
"1","11 April 2026","13:14:24","","","","Concession",
"1","11 April 2026","13:14:24","","","","Season Ticket",
"1","11 April 2026","13:16:11","","","","Adult",
"1","11 April 2026","13:16:11","","","","Concession",
"1","11 April 2026","13:16:11","","","","Season Ticket",
"1","11 April 2026","13:16:11","","","","Season Ticket",
"1","23 April 2026","14:09:37","","","","Season Ticket",
"1","23 April 2026","14:09:37","","","","Season Ticket",
"1","23 April 2026","14:11:02","","","","Complimentary",
"1","23 April 2026","14:11:02","","","","Complimentary",
"1","23 April 2026","14:12:29","","","","Complimentary",
"1","23 April 2026","14:12:29","","","","Complimentary",
"1","23 April 2026","14:13:56","","","","Season Ticket",
"1","23 April 2026","14:13:56","","","","Season Ticket",
"1","23 April 2026","14:15:37","","","","Complimentary",
"1","23 April 2026","14:15:37","","","","Complimentary",
"1","23 April 2026","14:18:36","","","","Complimentary",
"1","23 April 2026","14:18:36","","","","Complimentary",
"1","24 April 2026","16:50:07","","","","Adult",
"1","24 April 2026","16:50:07","","","","Concession",
"1","24 April 2026","16:50:07","","","","Season Ticket",
"1","24 April 2026","16:50:07","","","","Complimentary",
"1","24 April 2026","16:50:07","","","","Complimentary",
"1","27 April 2026","12:20:49","","","","Group (10+)",
"1","27 April 2026","12:20:49","","","","Group (10+)",
"1","27 April 2026","12:20:49","","","","Group (10+)",
"1","27 April 2026","12:20:49","","","","Group (10+)",
"1","27 April 2026","12:20:49","","","","Group (10+)",
"1","27 April 2026","12:20:49","","","","Group (10+)",
"1","27 April 2026","12:20:49","","","","Group (10+)",
"1","27 April 2026","12:20:49","","","","Group (10+)",
"1","27 April 2026","12:20:49","","","","Group (10+)",
"1","27 April 2026","12:20:49","","","","Group (10+)",
"1","27 April 2026","12:20:49","","","","Group (10+)",
"1","27 April 2026","12:20:49","","","","Group (10+)",
"1","27 April 2026","12:20:49","","","","Group (10+)",
"1","27 April 2026","12:20:49","","","","Season Ticket",
"1","27 April 2026","13:12:23","","","","Group (10+)",
"1","27 April 2026","13:12:23","","","","Group (10+)",
"1","27 April 2026","13:12:23","","","","Group (10+)",
"1","27 April 2026","13:12:23","","","","Group (10+)",
"1","27 April 2026","13:12:23","","","","Group (10+)",
"1","27 April 2026","13:12:23","","","","Group (10+)",
"1","27 April 2026","13:12:23","","","","Group (10+)",
"1","27 April 2026","13:12:23","","","","Group (10+)",
"1","27 April 2026","13:12:23","","","","Group (10+)",
"1","27 April 2026","13:12:23","","","","Group (10+)",
"1","27 April 2026","13:12:23","","","","Group (10+)",
"1","27 April 2026","13:12:23","","","","Group (10+)",
"1","28 April 2026","08:06:14","","","","Season Ticket",
"1","28 April 2026","08:06:14","","","","Season Ticket",
"1","28 April 2026","08:06:14","","","","Season Ticket",
"1","28 April 2026","08:08:36","","","","Complimentary",
"1","28 April 2026","08:08:36","","","","Complimentary",
"1","29 April 2026","16:51:54","Email list","","4160","Adult",
"1","29 April 2026","16:51:54","Email list","","4160","Concession",
"1","29 April 2026","17:02:16","Other","Walking past the sign on your 🏢","4173","Adult",
"1","29 April 2026","17:02:16","Other","Walking past the sign on your 🏢","4173","Junior",
"1","29 April 2026","17:04:41","Word of Mouth","","2640","Concession",
"1","29 April 2026","17:04:41","Word of Mouth","","2640","Concession",
"1","29 April 2026","17:09:56","Email list","","4178","Adult",
"1","29 April 2026","17:09:56","Email list","","4178","Concession",
"1","29 April 2026","17:18:43","Email list","","4036","Concession",
"1","29 April 2026","17:18:43","Email list","","4036","Concession",
"1","29 April 2026","17:21:18","Word of Mouth","","4655","Adult",
"1","29 April 2026","17:21:18","Word of Mouth","","4655","Adult",
"1","29 April 2026","17:21:18","Word of Mouth","","4655","Adult",
"1","29 April 2026","17:28:59","Facebook;Email list","","4161","Adult",
"1","29 April 2026","17:28:59","Facebook;Email list","","4161","Junior",
"1","29 April 2026","17:48:41","Facebook","","4512","Adult",
"1","29 April 2026","17:48:41","Facebook","","4512","Adult",
"1","29 April 2026","17:52:57","Word of Mouth;Instagram","","4650","Adult",
"1","29 April 2026","17:52:57","Word of Mouth;Instagram","","4650","Adult",
"1","29 April 2026","17:52:57","Word of Mouth;Instagram","","4650","Adult",
"1","29 April 2026","17:52:57","Word of Mouth;Instagram","","4650","Adult",
"1","29 April 2026","17:52:57","Word of Mouth;Instagram","","4650","Concession",
"1","29 April 2026","18:02:39","Word of Mouth;Instagram","","4650","Adult",
"1","29 April 2026","18:15:59","Word of Mouth","","4165","Adult",
"1","29 April 2026","18:15:59","Word of Mouth","","4165","Junior",
"1","29 April 2026","18:19:26","Word of Mouth","","4165","Adult",
"1","29 April 2026","18:19:26","Word of Mouth","","4165","Adult",
"1","29 April 2026","18:19:26","Word of Mouth","","4165","Junior",
"1","29 April 2026","18:27:02","Word of Mouth","","4212","Concession",
"1","29 April 2026","18:27:02","Word of Mouth","","4212","Concession",
"1","29 April 2026","18:28:00","Email list","","4051","Adult",
"1","29 April 2026","18:28:00","Email list","","4051","Adult",
"1","29 April 2026","20:25:13","Facebook","","4017","Concession",
"1","29 April 2026","20:25:13","Facebook","","4017","Concession",
"1","29 April 2026","20:25:13","Facebook","","4017","Concession",
"1","29 April 2026","20:27:32","Email list","","4151","Adult",
"1","29 April 2026","20:27:32","Email list","","4151","Adult",
"1","29 April 2026","20:27:32","Email list","","4151","Concession",
"1","29 April 2026","20:51:24","Email list","","4113","Adult",
"1","29 April 2026","20:51:24","Email list","","4113","Concession",
"1","29 April 2026","20:51:24","Email list","","4113","Concession",
"1","29 April 2026","20:51:24","Email list","","4113","Concession",
"1","29 April 2026","20:52:05","Email list","","4171","Concession",
"1","29 April 2026","20:52:05","Email list","","4171","Concession",
"1","29 April 2026","21:47:21","Word of Mouth","","4178","Family (Online Only)",
"1","29 April 2026","21:47:21","Word of Mouth","","4178","Family (Online Only)",
"1","29 April 2026","21:47:21","Word of Mouth","","4178","Family (Online Only)",
"1","29 April 2026","21:47:21","Word of Mouth","","4178","Family (Online Only)",
"1","30 April 2026","00:36:34","Email list","","4051","Concession",
"1","30 April 2026","00:36:34","Email list","","4051","Concession",
"1","30 April 2026","00:36:34","Email list","","4051","Junior",
"1","30 April 2026","07:00:49","Email list","","4178","Concession",
"1","30 April 2026","07:00:49","Email list","","4178","Concession",
"1","30 April 2026","07:40:06","Facebook","","4152","Adult",
"1","30 April 2026","07:40:06","Facebook","","4152","Concession",
"1","30 April 2026","07:46:26","Email list","","4650","Adult",
"1","30 April 2026","07:58:51","Email list","","4179","Family (Online Only)",
"1","30 April 2026","07:58:51","Email list","","4179","Family (Online Only)",
"1","30 April 2026","07:58:51","Email list","","4179","Family (Online Only)",
"1","30 April 2026","07:58:51","Email list","","4179","Family (Online Only)",
"1","30 April 2026","08:46:01","Email list","","4121","Concession",
"1","30 April 2026","08:46:01","Email list","","4121","Concession",
"1","30 April 2026","08:46:01","Email list","","4121","Concession",
"1","30 April 2026","08:54:57","Email list","","4018","Concession",
"1","30 April 2026","08:54:57","Email list","","4018","Concession",
"1","30 April 2026","08:54:57","Email list","","4018","Concession",
"1","30 April 2026","08:55:37","Other","Regular Client","4165","Concession",
"1","30 April 2026","08:55:37","Other","Regular Client","4165","Concession",
"1","30 April 2026","09:08:06","Email list","","4018","Concession",
"1","30 April 2026","10:39:04","Email list","","4101","Concession",
"1","30 April 2026","11:25:55","Email list","","4122","Concession",
"1","30 April 2026","11:25:55","Email list","","4122","Concession",
"1","30 April 2026","11:41:14","Other","Season Ticket Holder","4178","Season Ticket",
"1","30 April 2026","11:41:14","Other","Season Ticket Holder","4178","Season Ticket",
"1","30 April 2026","11:41:14","Other","Season Ticket Holder","4178","Season Ticket",
"1","30 April 2026","12:07:23","Email list","","4154","Concession",
"1","30 April 2026","12:07:23","Email list","","4154","Concession",
"1","30 April 2026","13:04:58","Email list","","4104","Concession",
"1","30 April 2026","14:26:08","Email list","","4178","Concession",
"1","30 April 2026","14:26:08","Email list","","4178","Concession",
"1","30 April 2026","14:49:02","Email list","","4165","Concession",
"1","30 April 2026","14:49:02","Email list","","4165","Concession",
"1","30 April 2026","15:06:10","Email list","","4179","Concession",
"1","30 April 2026","15:06:10","Email list","","4179","Concession",
"1","30 April 2026","16:46:39","Other","BO","4178","Adult",
"1","30 April 2026","16:46:39","Other","BO","4178","Concession",
"1","30 April 2026","16:46:39","Other","BO","4178","Complimentary",
"1","30 April 2026","16:49:56","Other","BO","4178","Concession",
"1","30 April 2026","16:49:56","Other","BO","4178","Complimentary",
"1","30 April 2026","18:43:34","Email list","","4179","Concession",
"1","30 April 2026","18:43:34","Email list","","4179","Concession",
"1","30 April 2026","18:46:10","Word of Mouth;Email list;Facebook","","4154","Adult",
"1","30 April 2026","18:46:10","Word of Mouth;Email list;Facebook","","4154","Adult",
"1","30 April 2026","18:46:10","Word of Mouth;Email list;Facebook","","4154","Junior",
"1","30 April 2026","18:48:23","Email list","","4055","Adult",
"1","30 April 2026","18:48:23","Email list","","4055","Adult",
"1","30 April 2026","18:48:23","Email list","","4055","Adult",
"1","30 April 2026","18:48:23","Email list","","4055","Adult",
"1","30 April 2026","18:59:31","Email list","","4152","Adult",
"1","30 April 2026","18:59:31","Email list","","4152","Adult",
"1","30 April 2026","18:59:31","Email list","","4152","Adult",
"1","30 April 2026","18:59:31","Email list","","4152","Adult",
"1","30 April 2026","18:59:31","Email list","","4152","Adult",
"1","30 April 2026","18:59:31","Email list","","4152","Adult",
"1","30 April 2026","18:59:31","Email list","","4152","Adult",
"1","30 April 2026","18:59:31","Email list","","4152","Adult",
"1","30 April 2026","19:10:51","Email list","","4157","Group (10+)",
"1","30 April 2026","19:10:51","Email list","","4157","Group (10+)",
"1","30 April 2026","19:10:51","Email list","","4157","Group (10+)",
"1","30 April 2026","19:10:51","Email list","","4157","Group (10+)",
"1","30 April 2026","19:10:51","Email list","","4157","Group (10+)",
"1","30 April 2026","19:10:51","Email list","","4157","Group (10+)",
"1","30 April 2026","19:10:51","Email list","","4157","Group (10+)",
"1","30 April 2026","19:10:51","Email list","","4157","Group (10+)",
"1","30 April 2026","19:10:51","Email list","","4157","Group (10+)",
"1","30 April 2026","19:10:51","Email list","","4157","Group (10+)",
"1","30 April 2026","19:10:51","Email list","","4157","Group (10+)",
"1","30 April 2026","19:10:51","Email list","","4157","Junior",
"1","30 April 2026","19:25:04","Word of Mouth","","4179","Family (Online Only)",
"1","30 April 2026","19:25:04","Word of Mouth","","4179","Family (Online Only)",
"1","30 April 2026","19:25:04","Word of Mouth","","4179","Family (Online Only)",
"1","30 April 2026","19:25:04","Word of Mouth","","4179","Family (Online Only)",
"1","30 April 2026","19:25:04","Word of Mouth","","4179","Concession",
"1","30 April 2026","19:25:04","Word of Mouth","","4179","Concession",
"1","30 April 2026","20:38:49","Email list","","4154","Adult",
"1","30 April 2026","20:38:49","Email list","","4154","Adult",
"1","30 April 2026","20:38:49","Email list","","4154","Junior",
"1","30 April 2026","20:42:50","Other","Friend of cast","4031","Family (Online Only)",
"1","30 April 2026","20:42:50","Other","Friend of cast","4031","Family (Online Only)",
"1","30 April 2026","20:42:50","Other","Friend of cast","4031","Family (Online Only)",
"1","30 April 2026","20:42:50","Other","Friend of cast","4031","Family (Online Only)",
"1","30 April 2026","20:42:50","Other","Friend of cast","4031","Adult",
"1","30 April 2026","20:42:50","Other","Friend of cast","4031","Concession",
"1","30 April 2026","20:42:50","Other","Friend of cast","4031","Concession",
"1","30 April 2026","20:42:50","Other","Friend of cast","4031","Concession",
"1","30 April 2026","20:42:50","Other","Friend of cast","4031","Concession",
"1","30 April 2026","20:42:50","Other","Friend of cast","4031","Concession",
"1","30 April 2026","20:42:50","Other","Friend of cast","4031","Junior",
"1","30 April 2026","20:53:27","Email list;Word of Mouth","","4870","Adult",
"1","30 April 2026","20:53:27","Email list;Word of Mouth","","4870","Concession",
"1","30 April 2026","20:55:24","Email list","","4122","Family (Online Only)",
"1","30 April 2026","20:55:24","Email list","","4122","Family (Online Only)",
"1","30 April 2026","20:55:24","Email list","","4122","Family (Online Only)",
"1","30 April 2026","20:55:24","Email list","","4122","Family (Online Only)",
"1","30 April 2026","21:00:36","Other","Friends of cast","4031","Group (10+)",
"1","30 April 2026","21:00:36","Other","Friends of cast","4031","Group (10+)",
"1","30 April 2026","21:00:36","Other","Friends of cast","4031","Group (10+)",
"1","30 April 2026","21:00:36","Other","Friends of cast","4031","Group (10+)",
"1","30 April 2026","21:00:36","Other","Friends of cast","4031","Group (10+)",
"1","30 April 2026","21:00:36","Other","Friends of cast","4031","Group (10+)",
"1","30 April 2026","21:00:36","Other","Friends of cast","4031","Group (10+)",
"1","30 April 2026","21:00:36","Other","Friends of cast","4031","Group (10+)",
"1","30 April 2026","21:00:36","Other","Friends of cast","4031","Group (10+)",
"1","30 April 2026","21:00:36","Other","Friends of cast","4031","Group (10+)",
"1","30 April 2026","21:01:26","Email list","","4055","Group (10+)",
"1","30 April 2026","21:01:26","Email list","","4055","Group (10+)",
"1","30 April 2026","21:01:26","Email list","","4055","Group (10+)",
"1","30 April 2026","21:01:26","Email list","","4055","Group (10+)",
"1","30 April 2026","21:01:26","Email list","","4055","Group (10+)",
"1","30 April 2026","21:01:26","Email list","","4055","Group (10+)",
"1","30 April 2026","21:01:26","Email list","","4055","Group (10+)",
"1","30 April 2026","21:01:26","Email list","","4055","Group (10+)",
"1","30 April 2026","21:01:26","Email list","","4055","Group (10+)",
"1","30 April 2026","21:01:26","Email list","","4055","Group (10+)",
"1","30 April 2026","21:09:01","Word of Mouth","","4870","Adult",
"1","30 April 2026","21:09:01","Word of Mouth","","4870","Adult",
"1","30 April 2026","21:09:01","Word of Mouth","","4870","Adult",
"1","30 April 2026","21:11:45","Email list","","4157","Adult",
"1","30 April 2026","21:11:45","Email list","","4157","Adult",
"1","30 April 2026","21:11:45","Email list","","4157","Concession",
"1","30 April 2026","21:23:28","Flyer / Poster","","4006","Group (10+)",
"1","30 April 2026","21:23:28","Flyer / Poster","","4006","Group (10+)",
"1","30 April 2026","21:23:28","Flyer / Poster","","4006","Group (10+)",
"1","30 April 2026","21:23:28","Flyer / Poster","","4006","Group (10+)",
"1","30 April 2026","21:23:28","Flyer / Poster","","4006","Group (10+)",
"1","30 April 2026","21:23:28","Flyer / Poster","","4006","Group (10+)",
"1","30 April 2026","21:23:28","Flyer / Poster","","4006","Group (10+)",
"1","30 April 2026","21:23:28","Flyer / Poster","","4006","Group (10+)",
"1","30 April 2026","21:23:28","Flyer / Poster","","4006","Group (10+)",
"1","30 April 2026","21:23:28","Flyer / Poster","","4006","Group (10+)",
"1","30 April 2026","23:28:02","Email list","","4123","Adult",
"1","30 April 2026","23:28:02","Email list","","4123","Adult",
"1","30 April 2026","23:28:02","Email list","","4123","Adult",
"1","30 April 2026","23:28:02","Email list","","4123","Adult",
"1","30 April 2026","23:28:02","Email list","","4123","Adult",
"1","1 May 2026","09:12:40","Word of Mouth","","4101","Family (Online Only)",
"1","1 May 2026","09:12:40","Word of Mouth","","4101","Family (Online Only)",
"1","1 May 2026","09:12:40","Word of Mouth","","4101","Family (Online Only)",
"1","1 May 2026","09:12:40","Word of Mouth","","4101","Family (Online Only)",
"1","1 May 2026","09:12:40","Word of Mouth","","4101","Adult",
"1","1 May 2026","09:12:40","Word of Mouth","","4101","Adult",
"1","1 May 2026","09:12:40","Word of Mouth","","4101","Junior",
"1","1 May 2026","10:00:25","Email list","","4123","Group (10+)",
"1","1 May 2026","10:00:25","Email list","","4123","Group (10+)",
"1","1 May 2026","10:00:25","Email list","","4123","Group (10+)",
"1","1 May 2026","10:00:25","Email list","","4123","Group (10+)",
"1","1 May 2026","10:00:25","Email list","","4123","Group (10+)",
"1","1 May 2026","10:00:25","Email list","","4123","Group (10+)",
"1","1 May 2026","10:00:25","Email list","","4123","Group (10+)",
"1","1 May 2026","10:00:25","Email list","","4123","Group (10+)",
"1","1 May 2026","10:00:25","Email list","","4123","Group (10+)",
"1","1 May 2026","10:00:25","Email list","","4123","Group (10+)",
"1","1 May 2026","10:29:55","Email list","","4211","Concession",
"1","1 May 2026","10:29:55","Email list","","4211","Concession",
"1","1 May 2026","11:38:56","Email list","","4054","Concession",
"1","1 May 2026","11:38:56","Email list","","4054","Concession",
"1","1 May 2026","12:03:54","Email list","","4173","Concession",
"1","1 May 2026","13:00:40","Word of Mouth;Email list","","4116","Concession",
"1","1 May 2026","13:00:40","Word of Mouth;Email list","","4116","Concession",
"1","1 May 2026","15:24:19","Email list","","4178","Concession",
"1","1 May 2026","15:24:19","Email list","","4178","Concession",
"1","1 May 2026","15:24:41","Other","BO","4178","Concession",
"1","1 May 2026","15:24:41","Other","BO","4178","Concession",
"1","1 May 2026","15:28:12","Other","BO","4178","Concession",
"1","1 May 2026","15:28:12","Other","BO","4178","Concession",
"1","1 May 2026","15:40:40","Email list","","4171","Family (Online Only)",
"1","1 May 2026","15:40:40","Email list","","4171","Family (Online Only)",
"1","1 May 2026","15:40:40","Email list","","4171","Family (Online Only)",
"1","1 May 2026","15:40:40","Email list","","4171","Family (Online Only)",
"1","1 May 2026","15:40:40","Email list","","4171","Adult",
"1","1 May 2026","15:40:40","Email list","","4171","Junior",
"1","1 May 2026","15:40:40","Email list","","4171","Junior",
"1","1 May 2026","15:58:19","Email list","","4123","Concession",
"1","1 May 2026","15:58:19","Email list","","4123","Concession",
"1","1 May 2026","17:12:10","Other","My sister","4069","Adult",
"1","1 May 2026","17:12:10","Other","My sister","4069","Junior",
"1","1 May 2026","17:42:05","Email list","","4510","Concession",
"1","1 May 2026","17:42:05","Email list","","4510","Concession",
"1","1 May 2026","17:53:34","Word of Mouth","","4503","Adult",
"1","1 May 2026","17:53:34","Word of Mouth","","4503","Adult",
"1","1 May 2026","17:53:34","Word of Mouth","","4503","Concession",
"1","1 May 2026","17:54:31","Word of Mouth","","4178","Adult",
"1","1 May 2026","17:54:31","Word of Mouth","","4178","Junior",
"1","1 May 2026","18:12:15","Word of Mouth","","4178","Family (Online Only)",
"1","1 May 2026","18:12:15","Word of Mouth","","4178","Family (Online Only)",
"1","1 May 2026","18:12:15","Word of Mouth","","4178","Family (Online Only)",
"1","1 May 2026","18:12:15","Word of Mouth","","4178","Family (Online Only)",
"1","1 May 2026","21:23:25","Email list","","4152","Concession",
"1","1 May 2026","21:23:25","Email list","","4152","Concession",
"1","1 May 2026","21:23:25","Email list","","4152","Concession",
"1","1 May 2026","21:23:25","Email list","","4152","Concession",
"1","1 May 2026","21:23:25","Email list","","4152","Concession",
"1","1 May 2026","21:23:25","Email list","","4152","Concession",
"1","1 May 2026","23:40:59","Word of Mouth","","4300","Concession",
"1","1 May 2026","23:40:59","Word of Mouth","","4300","Concession",
"1","2 May 2026","08:07:37","Facebook","","4160","Concession",
"1","2 May 2026","08:07:37","Facebook","","4160","Concession",
"1","2 May 2026","13:17:37","Word of Mouth","","4152","Adult",
"1","2 May 2026","13:17:37","Word of Mouth","","4152","Concession",
"1","2 May 2026","13:38:18","Word of Mouth","","4178","Adult",
"1","2 May 2026","13:38:18","Word of Mouth","","4178","Concession",
"1","2 May 2026","13:38:18","Word of Mouth","","4178","Concession",
"1","2 May 2026","14:39:53","Word of Mouth","","4178","Adult",
"1","2 May 2026","14:39:53","Word of Mouth","","4178","Concession",
"1","2 May 2026","14:52:16","Email list","","4163","Concession",
"1","2 May 2026","14:52:16","Email list","","4163","Concession",
"1","2 May 2026","14:52:16","Email list","","4163","Concession",
"1","2 May 2026","14:52:16","Email list","","4163","Concession",
"1","2 May 2026","15:02:50","Word of Mouth","","4560","Adult",
"1","2 May 2026","15:02:50","Word of Mouth","","4560","Adult",
"1","2 May 2026","15:15:57","Email list","","4178","Concession",
"1","2 May 2026","15:15:57","Email list","","4178","Concession",
"1","2 May 2026","15:15:57","Email list","","4178","Concession",
"1","2 May 2026","15:15:57","Email list","","4178","Concession",
"1","2 May 2026","15:15:57","Email list","","4178","Concession",
"1","2 May 2026","17:08:11","Word of Mouth","","4178","Adult",
"1","2 May 2026","19:50:41","Facebook","","4153","Adult",
"1","2 May 2026","19:50:41","Facebook","","4153","Concession",
"1","2 May 2026","20:41:20","Word of Mouth","","4123","Adult",
"1","2 May 2026","20:41:20","Word of Mouth","","4123","Adult",
"1","3 May 2026","11:50:59","Flyer / Poster","","4179","Family (Online Only)",
"1","3 May 2026","11:50:59","Flyer / Poster","","4179","Family (Online Only)",
"1","3 May 2026","11:50:59","Flyer / Poster","","4179","Family (Online Only)",
"1","3 May 2026","11:50:59","Flyer / Poster","","4179","Family (Online Only)",
"1","3 May 2026","12:28:04","Word of Mouth","","4160","Concession",
"1","3 May 2026","12:28:04","Word of Mouth","","4160","Concession",
"1","3 May 2026","14:56:03","Word of Mouth","","4506","Adult",
"1","3 May 2026","14:56:03","Word of Mouth","","4506","Adult",
"1","3 May 2026","16:48:41","Email list","","4123","Concession",
"1","3 May 2026","16:48:41","Email list","","4123","Concession",
"1","3 May 2026","17:17:39","Word of Mouth","","4173","Adult",
"1","3 May 2026","17:21:31","Email list","","4178","Concession",
"1","3 May 2026","17:21:31","Email list","","4178","Concession",
"1","3 May 2026","17:58:38","Email list","","4179","Concession",
"1","3 May 2026","17:58:38","Email list","","4179","Concession",
"1","3 May 2026","17:58:38","Email list","","4179","Concession",
"1","3 May 2026","19:07:05","Word of Mouth","","4152","Adult",
"1","3 May 2026","21:35:06","Email list","","4152","Family (Online Only)",
"1","3 May 2026","21:35:06","Email list","","4152","Family (Online Only)",
"1","3 May 2026","21:35:06","Email list","","4152","Family (Online Only)",
"1","3 May 2026","21:35:06","Email list","","4152","Family (Online Only)",
"1","3 May 2026","21:35:06","Email list","","4152","Adult",
"1","3 May 2026","21:35:06","Email list","","4152","Junior",
"1","3 May 2026","21:35:06","Email list","","4152","Junior",
"1","4 May 2026","06:43:34","Word of Mouth;Other","Cast","4214","Adult",
"1","4 May 2026","06:43:34","Word of Mouth;Other","Cast","4214","Concession",
"1","4 May 2026","08:56:40","Word of Mouth","","4341","Concession",
"1","4 May 2026","08:56:40","Word of Mouth","","4341","Concession",
"1","4 May 2026","08:56:40","Word of Mouth","","4341","Concession",
"1","4 May 2026","15:24:37","Email list","","4178","Adult",
"1","4 May 2026","15:24:37","Email list","","4178","Adult",
"1","4 May 2026","15:56:18","Word of Mouth","","4171","Adult",
"1","4 May 2026","15:56:18","Word of Mouth","","4171","Adult",
"1","4 May 2026","17:16:59","Word of Mouth","","4131","Concession",
"1","4 May 2026","17:16:59","Word of Mouth","","4131","Concession",
"1","4 May 2026","17:16:59","Word of Mouth","","4131","Concession",
"1","4 May 2026","17:16:59","Word of Mouth","","4131","Concession",
"1","4 May 2026","18:18:30","Email list","","4035","Group (10+)",
"1","4 May 2026","18:18:30","Email list","","4035","Group (10+)",
"1","4 May 2026","18:18:30","Email list","","4035","Group (10+)",
"1","4 May 2026","18:18:30","Email list","","4035","Group (10+)",
"1","4 May 2026","18:18:30","Email list","","4035","Group (10+)",
"1","4 May 2026","18:18:30","Email list","","4035","Group (10+)",
"1","4 May 2026","18:18:30","Email list","","4035","Group (10+)",
"1","4 May 2026","18:18:30","Email list","","4035","Group (10+)",
"1","4 May 2026","18:18:30","Email list","","4035","Group (10+)",
"1","4 May 2026","18:18:30","Email list","","4035","Group (10+)",
"1","4 May 2026","18:36:59","Word of Mouth","","4154","Adult",
"1","4 May 2026","18:36:59","Word of Mouth","","4154","Adult",
"1","4 May 2026","19:06:12","Email list","","4306","Adult",
"1","4 May 2026","19:06:12","Email list","","4306","Adult",
"1","4 May 2026","19:06:12","Email list","","4306","Junior",
"1","4 May 2026","19:08:28","Email list","","4306","Adult",
"1","4 May 2026","19:08:28","Email list","","4306","Adult",
"1","4 May 2026","19:24:33","Word of Mouth","","4128","Adult",
"1","4 May 2026","19:26:15","Word of Mouth","","4179","Family (Online Only)",
"1","4 May 2026","19:26:15","Word of Mouth","","4179","Family (Online Only)",
"1","4 May 2026","19:26:15","Word of Mouth","","4179","Family (Online Only)",
"1","4 May 2026","19:26:15","Word of Mouth","","4179","Family (Online Only)",
"1","4 May 2026","19:26:15","Word of Mouth","","4179","Family (Online Only)",
"1","4 May 2026","19:26:15","Word of Mouth","","4179","Family (Online Only)",
"1","4 May 2026","19:26:15","Word of Mouth","","4179","Family (Online Only)",
"1","4 May 2026","19:26:15","Word of Mouth","","4179","Family (Online Only)",
"1","4 May 2026","19:54:41","Word of Mouth","","4178","Concession",
"1","4 May 2026","21:07:48","Other","Friends of cast","4031","Family (Online Only)",
"1","4 May 2026","21:07:48","Other","Friends of cast","4031","Family (Online Only)",
"1","4 May 2026","21:07:48","Other","Friends of cast","4031","Family (Online Only)",
"1","4 May 2026","21:07:48","Other","Friends of cast","4031","Family (Online Only)",
"1","4 May 2026","21:07:48","Other","Friends of cast","4031","Concession",
"1","4 May 2026","21:07:48","Other","Friends of cast","4031","Concession",
"1","4 May 2026","21:07:48","Other","Friends of cast","4031","Junior",
"1","4 May 2026","22:48:23","Word of Mouth","","4011","Adult",
"1","4 May 2026","22:48:23","Word of Mouth","","4011","Adult",
"1","5 May 2026","11:47:51","Email list","","4178","Concession",
"1","5 May 2026","12:55:40","Other","BO","4178","Complimentary",
"1","5 May 2026","12:55:40","Other","BO","4178","Complimentary",
"1","5 May 2026","15:09:07","Email list","","4163","Adult",
"1","5 May 2026","15:09:07","Email list","","4163","Adult",
"1","5 May 2026","18:27:53","Email list","","4161","Concession",
"1","5 May 2026","18:27:53","Email list","","4161","Concession",
"1","5 May 2026","18:27:53","Email list","","4161","Concession",
"1","5 May 2026","18:27:53","Email list","","4161","Concession",
"1","6 May 2026","08:35:20","Word of Mouth","","4151","Adult",
"1","6 May 2026","08:35:20","Word of Mouth","","4151","Adult",
"1","6 May 2026","08:35:20","Word of Mouth","","4151","Adult",
"1","6 May 2026","08:35:20","Word of Mouth","","4151","Adult",
"1","6 May 2026","08:35:20","Word of Mouth","","4151","Adult",
"1","6 May 2026","10:49:05","Email list","","4157","Concession",
"1","6 May 2026","10:49:05","Email list","","4157","Concession",
"1","6 May 2026","12:31:24","Facebook;Email list","","4178","Concession",
"1","6 May 2026","12:31:24","Facebook;Email list","","4178","Concession",
"1","6 May 2026","12:31:24","Facebook;Email list","","4178","Concession",
"1","6 May 2026","13:29:07","Email list","","4171","Concession",
"1","6 May 2026","13:29:07","Email list","","4171","Concession",
"1","6 May 2026","13:45:34","Flyer / Poster","","4174","Concession",
"1","6 May 2026","13:45:34","Flyer / Poster","","4174","Concession",
"1","6 May 2026","13:45:34","Flyer / Poster","","4174","Concession",
"1","6 May 2026","17:46:37","Email list","","4521","Adult",
"1","6 May 2026","17:46:37","Email list","","4521","Adult",
"1","6 May 2026","18:06:47","Other","Google","4178","Adult",
"1","6 May 2026","18:06:47","Other","Google","4178","Adult",
"1","6 May 2026","18:06:47","Other","Google","4178","Adult",
"1","6 May 2026","18:19:36","Instagram","","4159","Adult",
"1","6 May 2026","18:19:36","Instagram","","4159","Adult",
"1","6 May 2026","18:52:38","Email list","","4179","Adult",
"1","6 May 2026","18:52:38","Email list","","4179","Adult",
"1","6 May 2026","20:56:00","Other","Sign on Savoyard hall","4159","Adult",
"1","6 May 2026","20:56:00","Other","Sign on Savoyard hall","4159","Adult",
"1","7 May 2026","08:16:46","Email list","","4120","Concession",
"1","7 May 2026","08:16:46","Email list","","4120","Concession",
"1","7 May 2026","08:54:40","Word of Mouth","","4031","Family (Online Only)",
"1","7 May 2026","08:54:40","Word of Mouth","","4031","Family (Online Only)",
"1","7 May 2026","08:54:40","Word of Mouth","","4031","Family (Online Only)",
"1","7 May 2026","08:54:40","Word of Mouth","","4031","Family (Online Only)",
"1","7 May 2026","08:54:40","Word of Mouth","","4031","Concession",
"1","7 May 2026","08:54:40","Word of Mouth","","4031","Junior",
"1","7 May 2026","10:51:03","Email list","","4121","Adult",
"1","7 May 2026","10:51:03","Email list","","4121","Adult",
"1","7 May 2026","11:22:52","Email list","","4178","Concession",
"1","7 May 2026","11:22:52","Email list","","4178","Junior",
"1","7 May 2026","13:40:26","Email list","","4179","Group (10+)",
"1","7 May 2026","13:40:26","Email list","","4179","Group (10+)",
"1","7 May 2026","13:40:26","Email list","","4179","Group (10+)",
"1","7 May 2026","13:40:26","Email list","","4179","Group (10+)",
"1","7 May 2026","13:40:26","Email list","","4179","Group (10+)",
"1","7 May 2026","13:40:26","Email list","","4179","Group (10+)",
"1","7 May 2026","13:40:26","Email list","","4179","Group (10+)",
"1","7 May 2026","13:40:26","Email list","","4179","Group (10+)",
"1","7 May 2026","13:40:26","Email list","","4179","Group (10+)",
"1","7 May 2026","13:40:26","Email list","","4179","Group (10+)",
"1","7 May 2026","14:15:05","Email list","","4109","Group (10+)",
"1","7 May 2026","14:15:05","Email list","","4109","Group (10+)",
"1","7 May 2026","14:15:05","Email list","","4109","Group (10+)",
"1","7 May 2026","14:15:05","Email list","","4109","Group (10+)",
"1","7 May 2026","14:15:05","Email list","","4109","Group (10+)",
"1","7 May 2026","14:15:05","Email list","","4109","Group (10+)",
"1","7 May 2026","14:15:05","Email list","","4109","Group (10+)",
"1","7 May 2026","14:15:05","Email list","","4109","Group (10+)",
"1","7 May 2026","14:15:05","Email list","","4109","Group (10+)",
"1","7 May 2026","14:15:05","Email list","","4109","Group (10+)",
"1","7 May 2026","14:15:05","Email list","","4109","Group (10+)",
"1","7 May 2026","14:49:16","Word of Mouth","","4174","Adult",
"1","7 May 2026","14:49:16","Word of Mouth","","4174","Adult",
"1","8 May 2026","10:16:09","Email list","","4073","Adult",
"1","8 May 2026","10:16:09","Email list","","4073","Concession",
"1","8 May 2026","10:16:09","Email list","","4073","Concession",
"1","8 May 2026","12:24:23","Other","BO","4178","Concession",
"1","8 May 2026","12:24:23","Other","BO","4178","Concession",
"1","8 May 2026","12:24:23","Other","BO","4178","Concession",
"1","8 May 2026","12:24:23","Other","BO","4178","Concession",
"1","8 May 2026","12:24:23","Other","BO","4178","Concession",
"1","8 May 2026","12:24:23","Other","BO","4178","Concession",
"1","8 May 2026","12:24:23","Other","BO","4178","Concession",
"1","8 May 2026","12:24:23","Other","BO","4178","Concession",
"1","8 May 2026","12:24:23","Other","BO","4178","Season Ticket",
"1","8 May 2026","13:40:08","Flyer / Poster","","4115","Family (Online Only)",
"1","8 May 2026","13:40:08","Flyer / Poster","","4115","Family (Online Only)",
"1","8 May 2026","13:40:08","Flyer / Poster","","4115","Family (Online Only)",
"1","8 May 2026","13:40:08","Flyer / Poster","","4115","Family (Online Only)",
"1","8 May 2026","13:56:33","Other","BO","4178","Group (10+)",
"1","8 May 2026","13:56:33","Other","BO","4178","Group (10+)",
"1","8 May 2026","13:56:33","Other","BO","4178","Group (10+)",
"1","8 May 2026","13:56:33","Other","BO","4178","Group (10+)",
"1","8 May 2026","13:56:33","Other","BO","4178","Group (10+)",
"1","8 May 2026","13:56:33","Other","BO","4178","Group (10+)",
"1","8 May 2026","13:56:33","Other","BO","4178","Group (10+)",
"1","8 May 2026","13:56:33","Other","BO","4178","Group (10+)",
"1","8 May 2026","13:56:33","Other","BO","4178","Group (10+)",
"1","8 May 2026","13:56:33","Other","BO","4178","Group (10+)",
"1","8 May 2026","13:56:33","Other","BO","4178","Group (10+)",
"1","8 May 2026","13:56:33","Other","BO","4178","Group (10+)",
"1","8 May 2026","13:56:33","Other","BO","4178","Group (10+)",
"1","8 May 2026","13:56:33","Other","BO","4178","Complimentary",
"1","8 May 2026","14:08:35","Other","BO","4178","Group (10+)",
"1","8 May 2026","14:08:35","Other","BO","4178","Group (10+)",
"1","8 May 2026","14:08:35","Other","BO","4178","Group (10+)",
"1","8 May 2026","14:08:35","Other","BO","4178","Group (10+)",
"1","8 May 2026","14:08:35","Other","BO","4178","Group (10+)",
"1","8 May 2026","14:08:35","Other","BO","4178","Group (10+)",
"1","8 May 2026","14:08:35","Other","BO","4178","Group (10+)",
"1","8 May 2026","14:08:35","Other","BO","4178","Group (10+)",
"1","8 May 2026","14:08:35","Other","BO","4178","Group (10+)",
"1","8 May 2026","14:08:35","Other","BO","4178","Group (10+)",
"1","8 May 2026","14:08:35","Other","BO","4178","Group (10+)",
"1","8 May 2026","14:08:35","Other","BO","4178","Group (10+)",
"1","8 May 2026","14:08:35","Other","BO","4178","Group (10+)",
"1","8 May 2026","14:08:35","Other","BO","4178","Group (10+)",
"1","8 May 2026","14:08:35","Other","BO","4178","Group (10+)",
"1","8 May 2026","14:08:35","Other","BO","4178","Group (10+)",
"1","8 May 2026","14:08:35","Other","BO","4178","Group (10+)",
"1","8 May 2026","14:08:35","Other","BO","4178","Group (10+)",
"1","8 May 2026","14:08:35","Other","BO","4178","Group (10+)",
"1","8 May 2026","14:08:35","Other","BO","4178","Group (10+)",
"1","8 May 2026","14:08:35","Other","BO","4178","Group (10+)",
"1","8 May 2026","14:08:35","Other","BO","4178","Group (10+)",
"1","8 May 2026","14:08:35","Other","BO","4178","Group (10+)",
"1","8 May 2026","14:08:35","Other","BO","4178","Group (10+)",
"1","8 May 2026","14:08:35","Other","BO","4178","Group (10+)",
"1","8 May 2026","14:08:35","Other","BO","4178","Group (10+)",
"1","8 May 2026","14:08:35","Other","BO","4178","Group (10+)",
"1","8 May 2026","14:08:35","Other","BO","4178","Group (10+)",
"1","8 May 2026","14:08:35","Other","BO","4178","Group (10+)",
"1","8 May 2026","14:08:35","Other","BO","4178","Group (10+)",
"1","8 May 2026","14:08:35","Other","BO","4178","Group (10+)",
"1","8 May 2026","14:08:35","Other","BO","4178","Group (10+)",
"1","8 May 2026","14:08:35","Other","BO","4178","Complimentary",
"1","8 May 2026","14:08:35","Other","BO","4178","Complimentary",
"1","8 May 2026","14:08:35","Other","BO","4178","Complimentary",
"1","8 May 2026","15:14:43","Facebook","","4520","Family (Online Only)",
"1","8 May 2026","15:14:43","Facebook","","4520","Family (Online Only)",
"1","8 May 2026","15:14:43","Facebook","","4520","Family (Online Only)",
"1","8 May 2026","15:14:43","Facebook","","4520","Family (Online Only)",
"1","8 May 2026","17:00:08","Word of Mouth","","4160","Concession",
"1","8 May 2026","17:00:08","Word of Mouth","","4160","Concession",
"1","8 May 2026","19:30:29","Flyer / Poster","","4179","Adult",
"1","8 May 2026","19:30:29","Flyer / Poster","","4179","Adult",
"1","9 May 2026","00:56:01","Email list","","4152","Concession",
"1","9 May 2026","00:56:01","Email list","","4152","Concession",
"1","9 May 2026","11:21:23","Email list","","4178","Adult",
"1","9 May 2026","11:21:23","Email list","","4178","Concession",
"1","9 May 2026","11:21:23","Email list","","4178","Concession",
"1","9 May 2026","11:21:23","Email list","","4178","Concession",
"1","9 May 2026","11:44:30","Word of Mouth","","4077","Adult",
"1","9 May 2026","11:44:30","Word of Mouth","","4077","Adult",
"1","9 May 2026","11:50:11","Word of Mouth","","4077","Adult",
"1","9 May 2026","11:50:11","Word of Mouth","","4077","Adult",
"1","9 May 2026","14:00:37","Email list","","4161","Concession",
"1","9 May 2026","14:00:37","Email list","","4161","Concession",
"1","9 May 2026","19:07:03","Other","BO","4178","Complimentary",
"1","9 May 2026","19:07:03","Other","BO","4178","Complimentary",
"1","9 May 2026","19:07:03","Other","BO","4178","Complimentary",
"1","9 May 2026","19:07:03","Other","BO","4178","Complimentary",
"1","9 May 2026","19:07:03","Other","BO","4178","Complimentary",
"1","9 May 2026","19:07:03","Other","BO","4178","Complimentary",
"1","9 May 2026","19:07:03","Other","BO","4178","Complimentary",
"1","9 May 2026","19:07:03","Other","BO","4178","Complimentary",
"1","9 May 2026","19:07:03","Other","BO","4178","Complimentary",
"1","9 May 2026","19:07:03","Other","BO","4178","Complimentary",
"1","9 May 2026","19:07:03","Other","BO","4178","Complimentary",
"1","9 May 2026","19:07:03","Other","BO","4178","Complimentary",
"1","9 May 2026","19:07:03","Other","BO","4178","Complimentary",
"1","9 May 2026","19:07:03","Other","BO","4178","Complimentary",
"1","9 May 2026","19:07:03","Other","BO","4178","Complimentary",
"1","9 May 2026","19:07:03","Other","BO","4178","Complimentary",
"1","9 May 2026","19:07:03","Other","BO","4178","Complimentary",
"1","9 May 2026","19:07:03","Other","BO","4178","Complimentary",
"1","9 May 2026","19:07:03","Other","BO","4178","Complimentary",
"1","9 May 2026","19:07:03","Other","BO","4178","Complimentary",
"1","9 May 2026","19:07:03","Other","BO","4178","Complimentary",
"1","9 May 2026","19:07:03","Other","BO","4178","Complimentary",
"1","9 May 2026","19:07:03","Other","BO","4178","Complimentary",
"1","9 May 2026","19:07:03","Other","BO","4178","Complimentary",
"1","9 May 2026","19:07:03","Other","BO","4178","Complimentary",
"1","9 May 2026","19:07:03","Other","BO","4178","Complimentary",
"1","9 May 2026","19:07:03","Other","BO","4178","Complimentary",
"1","9 May 2026","19:07:03","Other","BO","4178","Complimentary",
"1","9 May 2026","19:07:03","Other","BO","4178","Complimentary",
"1","9 May 2026","19:07:03","Other","BO","4178","Complimentary",
"1","9 May 2026","19:07:03","Other","BO","4178","Complimentary",
"1","9 May 2026","19:08:06","Other","BO","4178","Complimentary",
"1","9 May 2026","19:08:06","Other","BO","4178","Complimentary",
"1","9 May 2026","19:08:06","Other","BO","4178","Complimentary",
"1","9 May 2026","19:08:06","Other","BO","4178","Complimentary",
"1","9 May 2026","19:08:06","Other","BO","4178","Complimentary",
"1","9 May 2026","19:08:06","Other","BO","4178","Complimentary",
"1","9 May 2026","19:08:06","Other","BO","4178","Complimentary",
"1","9 May 2026","19:08:06","Other","BO","4178","Complimentary",
"1","9 May 2026","19:08:06","Other","BO","4178","Complimentary",
"1","9 May 2026","19:08:06","Other","BO","4178","Complimentary",
"1","9 May 2026","19:08:06","Other","BO","4178","Complimentary",
"1","9 May 2026","19:08:06","Other","BO","4178","Complimentary",
"1","9 May 2026","19:08:06","Other","BO","4178","Complimentary",
"1","9 May 2026","19:08:06","Other","BO","4178","Complimentary",
"1","9 May 2026","19:08:06","Other","BO","4178","Complimentary",
"1","9 May 2026","19:08:06","Other","BO","4178","Complimentary",
"1","9 May 2026","19:08:06","Other","BO","4178","Complimentary",
"1","9 May 2026","19:08:06","Other","BO","4178","Complimentary",
"1","9 May 2026","19:08:06","Other","BO","4178","Complimentary",
"1","9 May 2026","19:08:06","Other","BO","4178","Complimentary",
"1","9 May 2026","19:08:06","Other","BO","4178","Complimentary",
"1","9 May 2026","19:08:06","Other","BO","4178","Complimentary",
"1","9 May 2026","19:08:06","Other","BO","4178","Complimentary",
"1","9 May 2026","19:08:06","Other","BO","4178","Complimentary",
"1","9 May 2026","19:08:06","Other","BO","4178","Complimentary",
"1","9 May 2026","19:08:06","Other","BO","4178","Complimentary",
"1","9 May 2026","19:08:06","Other","BO","4178","Complimentary",
"1","9 May 2026","19:08:06","Other","BO","4178","Complimentary",
"1","9 May 2026","19:08:06","Other","BO","4178","Complimentary",
"1","9 May 2026","19:08:06","Other","BO","4178","Complimentary",
"1","9 May 2026","19:08:06","Other","BO","4178","Complimentary",
"1","9 May 2026","19:09:09","Other","BO","4178","Complimentary",
"1","9 May 2026","19:09:09","Other","BO","4178","Complimentary",
"1","9 May 2026","19:09:09","Other","BO","4178","Complimentary",
"1","9 May 2026","19:09:09","Other","BO","4178","Complimentary",
"1","9 May 2026","19:09:09","Other","BO","4178","Complimentary",
"1","9 May 2026","19:09:09","Other","BO","4178","Complimentary",
"1","9 May 2026","19:09:09","Other","BO","4178","Complimentary",
"1","9 May 2026","19:09:09","Other","BO","4178","Complimentary",
"1","9 May 2026","19:09:09","Other","BO","4178","Complimentary",
"1","9 May 2026","19:09:09","Other","BO","4178","Complimentary",
"1","9 May 2026","19:09:09","Other","BO","4178","Complimentary",
"1","9 May 2026","19:09:09","Other","BO","4178","Complimentary",
"1","9 May 2026","19:09:09","Other","BO","4178","Complimentary",
"1","9 May 2026","19:09:09","Other","BO","4178","Complimentary",
"1","9 May 2026","19:09:09","Other","BO","4178","Complimentary",
"1","9 May 2026","19:09:09","Other","BO","4178","Complimentary",
"1","9 May 2026","19:09:09","Other","BO","4178","Complimentary",
"1","9 May 2026","19:09:09","Other","BO","4178","Complimentary",
"1","9 May 2026","19:09:09","Other","BO","4178","Complimentary",
"1","9 May 2026","19:09:09","Other","BO","4178","Complimentary",
"1","9 May 2026","19:09:09","Other","BO","4178","Complimentary",
"1","9 May 2026","19:09:09","Other","BO","4178","Complimentary",
"1","9 May 2026","19:09:09","Other","BO","4178","Complimentary",
"1","9 May 2026","19:09:09","Other","BO","4178","Complimentary",
"1","9 May 2026","19:09:09","Other","BO","4178","Complimentary",
"1","9 May 2026","19:09:09","Other","BO","4178","Complimentary",
"1","9 May 2026","19:09:09","Other","BO","4178","Complimentary",
"1","9 May 2026","19:09:09","Other","BO","4178","Complimentary",
"1","9 May 2026","19:09:09","Other","BO","4178","Complimentary",
"1","9 May 2026","19:09:09","Other","BO","4178","Complimentary",
"1","9 May 2026","19:09:09","Other","BO","4178","Complimentary",
"1","10 May 2026","09:19:55","Word of Mouth;Facebook;Email list","","4154","Adult",
"1","10 May 2026","09:19:55","Word of Mouth;Facebook;Email list","","4154","Concession",
"1","10 May 2026","11:31:07","Other","Was aware, just waiting","4172","Adult",
"1","10 May 2026","11:31:07","Other","Was aware, just waiting","4172","Adult",
"1","10 May 2026","11:31:07","Other","Was aware, just waiting","4172","Adult",
"1","10 May 2026","11:42:19","Other","BO","4178","Final Dress Rehearsal",
"1","10 May 2026","11:42:19","Other","BO","4178","Final Dress Rehearsal",
"1","10 May 2026","11:42:19","Other","BO","4178","Final Dress Rehearsal",
"1","10 May 2026","11:42:19","Other","BO","4178","Final Dress Rehearsal",
"1","10 May 2026","11:42:19","Other","BO","4178","Final Dress Rehearsal",
"1","10 May 2026","11:42:19","Other","BO","4178","Final Dress Rehearsal",
"1","10 May 2026","11:42:19","Other","BO","4178","Final Dress Rehearsal",
"1","10 May 2026","11:42:19","Other","BO","4178","Final Dress Rehearsal",
"1","10 May 2026","11:42:19","Other","BO","4178","Final Dress Rehearsal",
"1","10 May 2026","11:42:19","Other","BO","4178","Final Dress Rehearsal",
"1","10 May 2026","11:42:19","Other","BO","4178","Final Dress Rehearsal",
"1","10 May 2026","11:42:19","Other","BO","4178","Final Dress Rehearsal",
"1","10 May 2026","11:42:19","Other","BO","4178","Final Dress Rehearsal",
"1","10 May 2026","11:42:19","Other","BO","4178","Final Dress Rehearsal",
"1","10 May 2026","11:42:19","Other","BO","4178","Final Dress Rehearsal",
"1","10 May 2026","11:42:19","Other","BO","4178","Final Dress Rehearsal",
"1","10 May 2026","11:42:19","Other","BO","4178","Final Dress Rehearsal",
"1","10 May 2026","11:42:19","Other","BO","4178","Final Dress Rehearsal",
"1","10 May 2026","11:42:19","Other","BO","4178","Final Dress Rehearsal",
"1","10 May 2026","11:42:19","Other","BO","4178","Final Dress Rehearsal",
"1","10 May 2026","11:42:19","Other","BO","4178","Final Dress Rehearsal",
"1","10 May 2026","11:42:19","Other","BO","4178","Final Dress Rehearsal",
"1","10 May 2026","11:42:19","Other","BO","4178","Final Dress Rehearsal",
"1","10 May 2026","11:42:19","Other","BO","4178","Final Dress Rehearsal",
"1","10 May 2026","11:42:19","Other","BO","4178","Final Dress Rehearsal",
"1","10 May 2026","11:42:19","Other","BO","4178","Final Dress Rehearsal",
"1","10 May 2026","11:42:19","Other","BO","4178","Final Dress Rehearsal",
"1","10 May 2026","11:42:19","Other","BO","4178","Final Dress Rehearsal",
"1","10 May 2026","11:42:19","Other","BO","4178","Final Dress Rehearsal",
"1","10 May 2026","11:42:19","Other","BO","4178","Final Dress Rehearsal",
"1","10 May 2026","11:42:19","Other","BO","4178","Final Dress Rehearsal",
"1","10 May 2026","11:42:19","Other","BO","4178","Final Dress Rehearsal",
"1","10 May 2026","11:42:19","Other","BO","4178","Final Dress Rehearsal",
"1","10 May 2026","11:42:19","Other","BO","4178","Final Dress Rehearsal",
"1","10 May 2026","11:42:19","Other","BO","4178","Final Dress Rehearsal",
"1","10 May 2026","11:42:19","Other","BO","4178","Final Dress Rehearsal",
"1","10 May 2026","11:42:19","Other","BO","4178","Final Dress Rehearsal",
"1","10 May 2026","11:42:19","Other","BO","4178","Final Dress Rehearsal",
"1","10 May 2026","11:42:19","Other","BO","4178","Final Dress Rehearsal",
"1","10 May 2026","11:42:19","Other","BO","4178","Final Dress Rehearsal",
"1","10 May 2026","11:42:19","Other","BO","4178","Final Dress Rehearsal",
"1","10 May 2026","11:42:19","Other","BO","4178","Final Dress Rehearsal",
"1","10 May 2026","11:42:19","Other","BO","4178","Final Dress Rehearsal",
"1","10 May 2026","11:42:19","Other","BO","4178","Final Dress Rehearsal",
"1","10 May 2026","11:42:19","Other","BO","4178","Final Dress Rehearsal",
"1","10 May 2026","11:42:19","Other","BO","4178","Final Dress Rehearsal",
"1","10 May 2026","11:42:19","Other","BO","4178","Final Dress Rehearsal",
"1","10 May 2026","11:42:19","Other","BO","4178","Final Dress Rehearsal",
"1","10 May 2026","11:42:19","Other","BO","4178","Final Dress Rehearsal",
"1","10 May 2026","11:42:19","Other","BO","4178","Final Dress Rehearsal",
"1","10 May 2026","11:42:19","Other","BO","4178","Final Dress Rehearsal",
"1","10 May 2026","11:42:19","Other","BO","4178","Final Dress Rehearsal",
"1","10 May 2026","11:42:19","Other","BO","4178","Final Dress Rehearsal",
"1","10 May 2026","11:42:19","Other","BO","4178","Final Dress Rehearsal",
"1","10 May 2026","11:42:19","Other","BO","4178","Final Dress Rehearsal",
"1","10 May 2026","11:42:19","Other","BO","4178","Final Dress Rehearsal",
"1","10 May 2026","11:42:19","Other","BO","4178","Final Dress Rehearsal",
"1","10 May 2026","11:42:19","Other","BO","4178","Final Dress Rehearsal",
"1","10 May 2026","11:42:19","Other","BO","4178","Final Dress Rehearsal",
"1","10 May 2026","11:42:19","Other","BO","4178","Final Dress Rehearsal",
"1","10 May 2026","11:42:19","Other","BO","4178","Final Dress Rehearsal",
"1","10 May 2026","11:42:19","Other","BO","4178","Final Dress Rehearsal",
"1","10 May 2026","11:42:19","Other","BO","4178","Final Dress Rehearsal",
"1","10 May 2026","11:42:19","Other","BO","4178","Final Dress Rehearsal",
"1","10 May 2026","11:42:19","Other","BO","4178","Final Dress Rehearsal",
"1","10 May 2026","11:42:19","Other","BO","4178","Final Dress Rehearsal",
"1","10 May 2026","11:42:19","Other","BO","4178","Final Dress Rehearsal",
"1","10 May 2026","11:42:19","Other","BO","4178","Final Dress Rehearsal",
"1","10 May 2026","11:42:19","Other","BO","4178","Final Dress Rehearsal",
"1","10 May 2026","11:42:19","Other","BO","4178","Final Dress Rehearsal",
"1","10 May 2026","11:42:19","Other","BO","4178","Final Dress Rehearsal",
"1","10 May 2026","11:42:19","Other","BO","4178","Final Dress Rehearsal",
"1","10 May 2026","11:42:19","Other","BO","4178","Final Dress Rehearsal",
"1","10 May 2026","11:42:19","Other","BO","4178","Final Dress Rehearsal",
"1","10 May 2026","11:42:19","Other","BO","4178","Final Dress Rehearsal",
"1","10 May 2026","11:42:19","Other","BO","4178","Final Dress Rehearsal",
"1","10 May 2026","11:42:19","Other","BO","4178","Final Dress Rehearsal",
"1","10 May 2026","11:42:19","Other","BO","4178","Final Dress Rehearsal",
"1","10 May 2026","11:42:19","Other","BO","4178","Final Dress Rehearsal",
"1","10 May 2026","11:42:19","Other","BO","4178","Final Dress Rehearsal",
"1","10 May 2026","11:42:19","Other","BO","4178","Final Dress Rehearsal",
"1","10 May 2026","11:42:19","Other","BO","4178","Final Dress Rehearsal",
"1","10 May 2026","11:42:19","Other","BO","4178","Final Dress Rehearsal",
"1","10 May 2026","11:42:19","Other","BO","4178","Final Dress Rehearsal",
"1","10 May 2026","11:42:19","Other","BO","4178","Final Dress Rehearsal",
"1","10 May 2026","11:42:19","Other","BO","4178","Final Dress Rehearsal",
"1","10 May 2026","11:42:19","Other","BO","4178","Final Dress Rehearsal",
"1","10 May 2026","11:42:19","Other","BO","4178","Final Dress Rehearsal",
"1","10 May 2026","11:42:19","Other","BO","4178","Final Dress Rehearsal",
"1","10 May 2026","11:42:19","Other","BO","4178","Final Dress Rehearsal",
"1","10 May 2026","11:42:19","Other","BO","4178","Final Dress Rehearsal",
"1","10 May 2026","11:42:19","Other","BO","4178","Final Dress Rehearsal",
"1","10 May 2026","11:42:19","Other","BO","4178","Final Dress Rehearsal",
"1","10 May 2026","11:42:19","Other","BO","4178","Final Dress Rehearsal",
"1","10 May 2026","11:42:19","Other","BO","4178","Final Dress Rehearsal",
"1","10 May 2026","11:42:19","Other","BO","4178","Final Dress Rehearsal",
"1","10 May 2026","11:42:19","Other","BO","4178","Final Dress Rehearsal",
"1","10 May 2026","11:42:19","Other","BO","4178","Final Dress Rehearsal",
"1","10 May 2026","11:42:19","Other","BO","4178","Final Dress Rehearsal",
"1","10 May 2026","11:55:23","Other","BO","4178","Final Dress Rehearsal",
"1","10 May 2026","11:55:23","Other","BO","4178","Final Dress Rehearsal",
"1","10 May 2026","11:55:23","Other","BO","4178","Final Dress Rehearsal",
"1","10 May 2026","11:55:23","Other","BO","4178","Final Dress Rehearsal",
"1","10 May 2026","11:55:23","Other","BO","4178","Final Dress Rehearsal",
"1","10 May 2026","11:55:23","Other","BO","4178","Final Dress Rehearsal",
"1","10 May 2026","11:55:23","Other","BO","4178","Final Dress Rehearsal",
"1","10 May 2026","11:55:23","Other","BO","4178","Final Dress Rehearsal",
"1","10 May 2026","11:55:23","Other","BO","4178","Final Dress Rehearsal",
"1","10 May 2026","11:55:23","Other","BO","4178","Final Dress Rehearsal",
"1","10 May 2026","11:55:23","Other","BO","4178","Final Dress Rehearsal",
"1","10 May 2026","11:55:23","Other","BO","4178","Final Dress Rehearsal",
"1","10 May 2026","11:55:23","Other","BO","4178","Final Dress Rehearsal",
"1","10 May 2026","11:55:23","Other","BO","4178","Final Dress Rehearsal",
"1","10 May 2026","11:55:23","Other","BO","4178","Final Dress Rehearsal",
"1","10 May 2026","11:55:23","Other","BO","4178","Final Dress Rehearsal",
"1","10 May 2026","11:55:23","Other","BO","4178","Final Dress Rehearsal",
"1","10 May 2026","11:55:23","Other","BO","4178","Final Dress Rehearsal",
"1","10 May 2026","11:55:23","Other","BO","4178","Final Dress Rehearsal",
"1","10 May 2026","11:55:23","Other","BO","4178","Final Dress Rehearsal",
"1","10 May 2026","11:55:23","Other","BO","4178","Final Dress Rehearsal",
"1","10 May 2026","11:55:23","Other","BO","4178","Final Dress Rehearsal",
"1","10 May 2026","11:55:23","Other","BO","4178","Final Dress Rehearsal",
"1","10 May 2026","11:55:23","Other","BO","4178","Final Dress Rehearsal",
"1","10 May 2026","11:55:23","Other","BO","4178","Final Dress Rehearsal",
"1","10 May 2026","11:55:23","Other","BO","4178","Final Dress Rehearsal",
"1","10 May 2026","11:55:23","Other","BO","4178","Final Dress Rehearsal",
"1","10 May 2026","11:55:23","Other","BO","4178","Final Dress Rehearsal",
"1","10 May 2026","11:55:23","Other","BO","4178","Final Dress Rehearsal",
"1","10 May 2026","11:55:23","Other","BO","4178","Final Dress Rehearsal",
"1","10 May 2026","11:55:23","Other","BO","4178","Final Dress Rehearsal",
"1","10 May 2026","11:55:23","Other","BO","4178","Final Dress Rehearsal",
"1","10 May 2026","11:55:23","Other","BO","4178","Final Dress Rehearsal",
"1","10 May 2026","11:55:23","Other","BO","4178","Final Dress Rehearsal",
"1","10 May 2026","11:55:23","Other","BO","4178","Final Dress Rehearsal",
"1","10 May 2026","11:55:23","Other","BO","4178","Final Dress Rehearsal",
"1","10 May 2026","11:55:23","Other","BO","4178","Final Dress Rehearsal",
"1","10 May 2026","11:55:23","Other","BO","4178","Final Dress Rehearsal",
"1","10 May 2026","11:55:23","Other","BO","4178","Final Dress Rehearsal",
"1","10 May 2026","11:55:23","Other","BO","4178","Final Dress Rehearsal",
"1","10 May 2026","11:55:23","Other","BO","4178","Final Dress Rehearsal",
"1","10 May 2026","11:55:23","Other","BO","4178","Final Dress Rehearsal",
"1","10 May 2026","11:55:23","Other","BO","4178","Final Dress Rehearsal",
"1","10 May 2026","11:55:23","Other","BO","4178","Final Dress Rehearsal",
"1","10 May 2026","11:55:23","Other","BO","4178","Final Dress Rehearsal",
"1","10 May 2026","11:55:23","Other","BO","4178","Final Dress Rehearsal",
"1","10 May 2026","11:55:23","Other","BO","4178","Final Dress Rehearsal",
"1","10 May 2026","11:55:23","Other","BO","4178","Final Dress Rehearsal",
"1","10 May 2026","11:55:23","Other","BO","4178","Final Dress Rehearsal",
"1","10 May 2026","11:55:23","Other","BO","4178","Final Dress Rehearsal",
"1","10 May 2026","11:55:23","Other","BO","4178","Final Dress Rehearsal",
"1","10 May 2026","11:55:23","Other","BO","4178","Final Dress Rehearsal",
"1","10 May 2026","11:55:23","Other","BO","4178","Final Dress Rehearsal",
"1","10 May 2026","11:55:23","Other","BO","4178","Final Dress Rehearsal",
"1","10 May 2026","11:55:23","Other","BO","4178","Final Dress Rehearsal",
"1","10 May 2026","11:55:23","Other","BO","4178","Final Dress Rehearsal",
"1","10 May 2026","11:55:23","Other","BO","4178","Final Dress Rehearsal",
"1","10 May 2026","11:55:23","Other","BO","4178","Final Dress Rehearsal",
"1","10 May 2026","11:55:23","Other","BO","4178","Final Dress Rehearsal",
"1","10 May 2026","11:55:23","Other","BO","4178","Final Dress Rehearsal",
"1","10 May 2026","11:55:23","Other","BO","4178","Final Dress Rehearsal",
"1","10 May 2026","11:55:23","Other","BO","4178","Final Dress Rehearsal",
"1","10 May 2026","11:55:23","Other","BO","4178","Final Dress Rehearsal",
"1","10 May 2026","11:55:23","Other","BO","4178","Final Dress Rehearsal",
"1","10 May 2026","11:55:23","Other","BO","4178","Final Dress Rehearsal",
"1","10 May 2026","11:55:23","Other","BO","4178","Final Dress Rehearsal",
"1","10 May 2026","11:55:23","Other","BO","4178","Final Dress Rehearsal",
"1","10 May 2026","11:55:23","Other","BO","4178","Final Dress Rehearsal",
"1","10 May 2026","11:55:23","Other","BO","4178","Final Dress Rehearsal",
"1","10 May 2026","11:55:23","Other","BO","4178","Final Dress Rehearsal",
"1","10 May 2026","11:55:23","Other","BO","4178","Final Dress Rehearsal",
"1","10 May 2026","11:55:23","Other","BO","4178","Final Dress Rehearsal",
"1","10 May 2026","11:55:23","Other","BO","4178","Final Dress Rehearsal",
"1","10 May 2026","11:55:23","Other","BO","4178","Final Dress Rehearsal",
"1","10 May 2026","11:55:23","Other","BO","4178","Final Dress Rehearsal",
"1","10 May 2026","11:55:23","Other","BO","4178","Final Dress Rehearsal",
"1","10 May 2026","11:55:23","Other","BO","4178","Final Dress Rehearsal",
"1","10 May 2026","11:55:23","Other","BO","4178","Final Dress Rehearsal",
"1","10 May 2026","11:55:23","Other","BO","4178","Final Dress Rehearsal",
"1","10 May 2026","11:55:23","Other","BO","4178","Final Dress Rehearsal",
"1","10 May 2026","11:55:23","Other","BO","4178","Final Dress Rehearsal",
"1","10 May 2026","11:55:23","Other","BO","4178","Final Dress Rehearsal",
"1","10 May 2026","11:55:23","Other","BO","4178","Final Dress Rehearsal",
"1","10 May 2026","11:55:23","Other","BO","4178","Final Dress Rehearsal",
"1","10 May 2026","11:55:23","Other","BO","4178","Final Dress Rehearsal",
"1","10 May 2026","11:55:23","Other","BO","4178","Final Dress Rehearsal",
"1","10 May 2026","11:55:23","Other","BO","4178","Final Dress Rehearsal",
"1","10 May 2026","11:55:23","Other","BO","4178","Final Dress Rehearsal",
"1","10 May 2026","11:55:23","Other","BO","4178","Final Dress Rehearsal",
"1","10 May 2026","11:55:23","Other","BO","4178","Final Dress Rehearsal",
"1","10 May 2026","11:55:23","Other","BO","4178","Final Dress Rehearsal",
"1","10 May 2026","11:55:23","Other","BO","4178","Final Dress Rehearsal",
"1","10 May 2026","11:55:23","Other","BO","4178","Final Dress Rehearsal",
"1","10 May 2026","11:55:23","Other","BO","4178","Final Dress Rehearsal",
"1","10 May 2026","11:55:23","Other","BO","4178","Final Dress Rehearsal",
"1","10 May 2026","11:55:23","Other","BO","4178","Final Dress Rehearsal",
"1","10 May 2026","11:55:23","Other","BO","4178","Final Dress Rehearsal",
"1","10 May 2026","11:55:23","Other","BO","4178","Final Dress Rehearsal",
"1","10 May 2026","11:55:23","Other","BO","4178","Final Dress Rehearsal",
"1","10 May 2026","11:57:05","Other","BO","4178","Final Dress Rehearsal",
"1","10 May 2026","11:57:05","Other","BO","4178","Final Dress Rehearsal",
"1","10 May 2026","11:57:05","Other","BO","4178","Final Dress Rehearsal",
"1","10 May 2026","11:57:05","Other","BO","4178","Final Dress Rehearsal",
"1","10 May 2026","11:57:05","Other","BO","4178","Final Dress Rehearsal",
"1","10 May 2026","11:57:05","Other","BO","4178","Final Dress Rehearsal",
"1","10 May 2026","11:57:05","Other","BO","4178","Final Dress Rehearsal",
"1","10 May 2026","11:57:05","Other","BO","4178","Final Dress Rehearsal",
"1","10 May 2026","11:57:05","Other","BO","4178","Final Dress Rehearsal",
"1","10 May 2026","11:57:05","Other","BO","4178","Final Dress Rehearsal",
"1","10 May 2026","11:57:05","Other","BO","4178","Final Dress Rehearsal",
"1","10 May 2026","11:57:05","Other","BO","4178","Final Dress Rehearsal",
"1","10 May 2026","11:57:05","Other","BO","4178","Final Dress Rehearsal",
"1","10 May 2026","11:57:05","Other","BO","4178","Final Dress Rehearsal",
"1","10 May 2026","11:57:05","Other","BO","4178","Final Dress Rehearsal",
"1","10 May 2026","11:57:05","Other","BO","4178","Final Dress Rehearsal",
"1","10 May 2026","11:57:05","Other","BO","4178","Final Dress Rehearsal",
"1","10 May 2026","11:57:05","Other","BO","4178","Final Dress Rehearsal",
"1","10 May 2026","11:57:05","Other","BO","4178","Final Dress Rehearsal",
"1","10 May 2026","11:57:05","Other","BO","4178","Final Dress Rehearsal",
"1","10 May 2026","11:57:05","Other","BO","4178","Final Dress Rehearsal",
"1","10 May 2026","11:57:05","Other","BO","4178","Final Dress Rehearsal",
"1","10 May 2026","11:57:05","Other","BO","4178","Final Dress Rehearsal",
"1","10 May 2026","11:57:05","Other","BO","4178","Final Dress Rehearsal",
"1","10 May 2026","11:57:05","Other","BO","4178","Final Dress Rehearsal",
"1","10 May 2026","11:57:05","Other","BO","4178","Final Dress Rehearsal",
"1","10 May 2026","11:57:05","Other","BO","4178","Final Dress Rehearsal",
"1","10 May 2026","11:57:05","Other","BO","4178","Final Dress Rehearsal",
"1","10 May 2026","11:57:05","Other","BO","4178","Final Dress Rehearsal",
"1","10 May 2026","11:57:05","Other","BO","4178","Final Dress Rehearsal",
"1","10 May 2026","11:57:05","Other","BO","4178","Final Dress Rehearsal",
"1","10 May 2026","11:57:05","Other","BO","4178","Final Dress Rehearsal",
"1","10 May 2026","11:57:05","Other","BO","4178","Final Dress Rehearsal",
"1","10 May 2026","11:57:05","Other","BO","4178","Final Dress Rehearsal",
"1","10 May 2026","11:57:05","Other","BO","4178","Final Dress Rehearsal",
"1","10 May 2026","15:38:29","Email list","","4158","Adult",
"1","10 May 2026","15:38:29","Email list","","4158","Adult",
"1","10 May 2026","15:38:29","Email list","","4158","Adult",
"1","10 May 2026","15:38:29","Email list","","4158","Adult",
"1","10 May 2026","18:18:37","Email list","","4165","Adult",
"1","10 May 2026","18:18:37","Email list","","4165","Adult",
"1","11 May 2026","07:47:45","Email list","","4019","Concession",
"1","11 May 2026","07:47:45","Email list","","4019","Concession",
"1","11 May 2026","10:39:04","Word of Mouth","","4306","Adult",
"1","11 May 2026","11:16:49","Other","Savs Alumni","4152","Adult",
"1","11 May 2026","11:16:49","Other","Savs Alumni","4152","Adult",
"1","11 May 2026","15:23:30","Email list","","4159","Adult",
"1","11 May 2026","15:23:30","Email list","","4159","Concession",
"1","11 May 2026","15:23:30","Email list","","4159","Concession",
"1","11 May 2026","15:40:33","Word of Mouth","","4159","Concession",
"1","11 May 2026","15:40:33","Word of Mouth","","4159","Concession",
"1","11 May 2026","17:44:24","Word of Mouth","","4066","Adult",
"1","11 May 2026","17:44:24","Word of Mouth","","4066","Adult",
"1","11 May 2026","18:21:33","Email list","","4061","Concession",
"1","11 May 2026","18:21:33","Email list","","4061","Concession",
"1","11 May 2026","18:57:15","Other","BO","4178","Concession",
"1","11 May 2026","18:57:15","Other","BO","4178","Concession",
"1","11 May 2026","19:00:04","Other","BO","4178","Adult",
"1","11 May 2026","19:00:04","Other","BO","4178","Complimentary",
"1","11 May 2026","19:00:04","Other","BO","4178","Complimentary",
"1","12 May 2026","10:29:26","Other","BO (Launch booking)","4178","Group - Box Office",
"1","12 May 2026","10:29:26","Other","BO (Launch booking)","4178","Group - Box Office",
"1","12 May 2026","10:29:26","Other","BO (Launch booking)","4178","Group - Box Office",
"1","12 May 2026","10:29:26","Other","BO (Launch booking)","4178","Group - Box Office",
"1","12 May 2026","10:29:26","Other","BO (Launch booking)","4178","Group - Box Office",
"1","12 May 2026","10:29:26","Other","BO (Launch booking)","4178","Group - Box Office",
"1","12 May 2026","10:29:26","Other","BO (Launch booking)","4178","Group - Box Office",
"1","12 May 2026","10:29:26","Other","BO (Launch booking)","4178","Group - Box Office",
"1","12 May 2026","10:29:26","Other","BO (Launch booking)","4178","Group - Box Office",
"1","12 May 2026","10:29:26","Other","BO (Launch booking)","4178","Group - Box Office",
"1","12 May 2026","10:29:26","Other","BO (Launch booking)","4178","Group - Box Office",
"1","12 May 2026","10:29:26","Other","BO (Launch booking)","4178","Group - Box Office",
"1","12 May 2026","10:29:26","Other","BO (Launch booking)","4178","Group - Box Office",
"1","12 May 2026","10:29:26","Other","BO (Launch booking)","4178","Group - Box Office",
"1","12 May 2026","10:29:26","Other","BO (Launch booking)","4178","Group - Box Office",
"1","12 May 2026","10:29:26","Other","BO (Launch booking)","4178","Complimentary",
"1","12 May 2026","10:35:54","Other","BO (Launch booking)","4178","Group - Box Office",
"1","12 May 2026","10:35:54","Other","BO (Launch booking)","4178","Group - Box Office",
"1","12 May 2026","10:35:54","Other","BO (Launch booking)","4178","Group - Box Office",
"1","12 May 2026","10:35:54","Other","BO (Launch booking)","4178","Group - Box Office",
"1","12 May 2026","10:35:54","Other","BO (Launch booking)","4178","Group - Box Office",
"1","12 May 2026","10:35:54","Other","BO (Launch booking)","4178","Group - Box Office",
"1","12 May 2026","10:35:54","Other","BO (Launch booking)","4178","Group - Box Office",
"1","12 May 2026","10:35:54","Other","BO (Launch booking)","4178","Group - Box Office",
"1","12 May 2026","10:35:54","Other","BO (Launch booking)","4178","Group - Box Office",
"1","12 May 2026","10:35:54","Other","BO (Launch booking)","4178","Group - Box Office",
"1","12 May 2026","10:35:54","Other","BO (Launch booking)","4178","Complimentary",
"1","12 May 2026","10:38:19","Other","BO (Launch booking)","4178","Group - Box Office",
"1","12 May 2026","10:38:19","Other","BO (Launch booking)","4178","Group - Box Office",
"1","12 May 2026","10:38:19","Other","BO (Launch booking)","4178","Group - Box Office",
"1","12 May 2026","10:38:19","Other","BO (Launch booking)","4178","Group - Box Office",
"1","12 May 2026","10:38:19","Other","BO (Launch booking)","4178","Group - Box Office",
"1","12 May 2026","10:38:19","Other","BO (Launch booking)","4178","Group - Box Office",
"1","12 May 2026","10:38:19","Other","BO (Launch booking)","4178","Group - Box Office",
"1","12 May 2026","10:38:19","Other","BO (Launch booking)","4178","Group - Box Office",
"1","12 May 2026","10:38:19","Other","BO (Launch booking)","4178","Group - Box Office",
"1","12 May 2026","10:38:19","Other","BO (Launch booking)","4178","Group - Box Office",
"1","12 May 2026","10:38:19","Other","BO (Launch booking)","4178","Group - Box Office",
"1","12 May 2026","10:38:19","Other","BO (Launch booking)","4178","Group - Box Office",
"1","12 May 2026","10:38:19","Other","BO (Launch booking)","4178","Group - Box Office",
"1","12 May 2026","10:38:19","Other","BO (Launch booking)","4178","Group - Box Office",
"1","12 May 2026","10:38:19","Other","BO (Launch booking)","4178","Group - Box Office",
"1","12 May 2026","10:38:19","Other","BO (Launch booking)","4178","Group - Box Office",
"1","12 May 2026","10:38:19","Other","BO (Launch booking)","4178","Group - Box Office",
"1","12 May 2026","10:38:19","Other","BO (Launch booking)","4178","Group - Box Office",
"1","12 May 2026","10:38:19","Other","BO (Launch booking)","4178","Group - Box Office",
"1","12 May 2026","10:38:19","Other","BO (Launch booking)","4178","Group - Box Office",
"1","12 May 2026","10:38:19","Other","BO (Launch booking)","4178","Complimentary",
"1","12 May 2026","10:38:19","Other","BO (Launch booking)","4178","Complimentary",
"1","12 May 2026","16:01:36","Word of Mouth","","4173","Concession",
"1","12 May 2026","16:01:36","Word of Mouth","","4173","Concession",
"1","12 May 2026","16:01:36","Word of Mouth","","4173","Concession",
"1","12 May 2026","16:01:36","Word of Mouth","","4173","Concession",
"1","12 May 2026","16:01:36","Word of Mouth","","4173","Concession",
"1","12 May 2026","16:01:36","Word of Mouth","","4173","Concession",
"1","12 May 2026","16:01:36","Word of Mouth","","4173","Concession",
"1","12 May 2026","16:33:17","Email list","","4165","Group (10+)",
"1","12 May 2026","16:33:17","Email list","","4165","Group (10+)",
"1","12 May 2026","16:33:17","Email list","","4165","Group (10+)",
"1","12 May 2026","16:33:17","Email list","","4165","Group (10+)",
"1","12 May 2026","16:33:17","Email list","","4165","Group (10+)",
"1","12 May 2026","16:33:17","Email list","","4165","Group (10+)",
"1","12 May 2026","16:33:17","Email list","","4165","Group (10+)",
"1","12 May 2026","16:33:17","Email list","","4165","Group (10+)",
"1","12 May 2026","16:33:17","Email list","","4165","Group (10+)",
"1","12 May 2026","16:33:17","Email list","","4165","Group (10+)",
"1","12 May 2026","19:49:20","Facebook;Word of Mouth","","4034","Adult",
"1","12 May 2026","19:49:20","Facebook;Word of Mouth","","4034","Adult",
"1","12 May 2026","19:49:20","Facebook;Word of Mouth","","4034","Adult",
"1","12 May 2026","19:49:20","Facebook;Word of Mouth","","4034","Adult",
"1","12 May 2026","19:49:20","Facebook;Word of Mouth","","4034","Adult",
"1","12 May 2026","20:54:48","Word of Mouth","","4155","Adult",
"1","12 May 2026","20:54:48","Word of Mouth","","4155","Adult",
"1","12 May 2026","20:54:48","Word of Mouth","","4155","Adult",
"1","12 May 2026","20:54:48","Word of Mouth","","4155","Adult",
"1","12 May 2026","20:54:48","Word of Mouth","","4155","Adult",
"1","12 May 2026","20:54:48","Word of Mouth","","4155","Adult",
"1","12 May 2026","20:54:48","Word of Mouth","","4155","Adult",
"1","13 May 2026","08:35:06","Flyer / Poster","","4178","Group (10+)",
"1","13 May 2026","08:35:06","Flyer / Poster","","4178","Group (10+)",
"1","13 May 2026","08:35:06","Flyer / Poster","","4178","Group (10+)",
"1","13 May 2026","08:35:06","Flyer / Poster","","4178","Group (10+)",
"1","13 May 2026","08:35:06","Flyer / Poster","","4178","Group (10+)",
"1","13 May 2026","08:35:06","Flyer / Poster","","4178","Group (10+)",
"1","13 May 2026","08:35:06","Flyer / Poster","","4178","Group (10+)",
"1","13 May 2026","08:35:06","Flyer / Poster","","4178","Group (10+)",
"1","13 May 2026","08:35:06","Flyer / Poster","","4178","Group (10+)",
"1","13 May 2026","08:35:06","Flyer / Poster","","4178","Group (10+)",
"1","13 May 2026","08:51:12","Word of Mouth","","4006","Adult",
"1","13 May 2026","08:51:12","Word of Mouth","","4006","Adult",
"1","13 May 2026","09:46:31","Word of Mouth","","4178","Concession",
"1","13 May 2026","09:46:31","Word of Mouth","","4178","Concession",
"1","13 May 2026","09:47:42","Word of Mouth","","4151","Adult",
"1","13 May 2026","18:09:53","Word of Mouth","","7004","Concession",
"1","13 May 2026","18:09:53","Word of Mouth","","7004","Concession",
"1","13 May 2026","18:09:53","Word of Mouth","","7004","Concession",
"1","13 May 2026","18:09:53","Word of Mouth","","7004","Concession",
"1","13 May 2026","19:36:06","Email list","","4300","Adult",
"1","13 May 2026","19:36:06","Email list","","4300","Adult",
"1","13 May 2026","20:27:25","Email list","","4111","Adult",
"1","13 May 2026","20:27:25","Email list","","4111","Adult",
"1","13 May 2026","20:27:25","Email list","","4111","Adult",
"1","13 May 2026","20:27:25","Email list","","4111","Concession",
"1","13 May 2026","20:54:58","Word of Mouth","","4169","Family (Online Only)",
"1","13 May 2026","20:54:58","Word of Mouth","","4169","Family (Online Only)",
"1","13 May 2026","20:54:58","Word of Mouth","","4169","Family (Online Only)",
"1","13 May 2026","20:54:58","Word of Mouth","","4169","Family (Online Only)",
"1","13 May 2026","20:54:58","Word of Mouth","","4169","Adult",
"1","13 May 2026","20:54:58","Word of Mouth","","4169","Adult",
"1","13 May 2026","20:54:58","Word of Mouth","","4169","Adult",
"1","14 May 2026","07:24:16","Other","Cast","4152","Concession",
"1","14 May 2026","07:24:16","Other","Cast","4152","Concession",
"1","14 May 2026","09:27:05","Other","BCC email","4179","Adult",
"1","14 May 2026","09:27:05","Other","BCC email","4179","Concession",
"1","14 May 2026","10:10:57","Word of Mouth","","4151","Adult",
"1","14 May 2026","13:06:14","Word of Mouth","","4053","Concession",
"1","14 May 2026","13:06:14","Word of Mouth","","4053","Concession",
"1","14 May 2026","16:04:59","Other","Know cast and crew","4154","Group (10+)",
"1","14 May 2026","16:04:59","Other","Know cast and crew","4154","Group (10+)",
"1","14 May 2026","16:04:59","Other","Know cast and crew","4154","Group (10+)",
"1","14 May 2026","16:04:59","Other","Know cast and crew","4154","Group (10+)",
"1","14 May 2026","16:04:59","Other","Know cast and crew","4154","Group (10+)",
"1","14 May 2026","16:04:59","Other","Know cast and crew","4154","Group (10+)",
"1","14 May 2026","16:04:59","Other","Know cast and crew","4154","Group (10+)",
"1","14 May 2026","16:04:59","Other","Know cast and crew","4154","Group (10+)",
"1","14 May 2026","16:04:59","Other","Know cast and crew","4154","Group (10+)",
"1","14 May 2026","16:04:59","Other","Know cast and crew","4154","Group (10+)",
"1","14 May 2026","16:04:59","Other","Know cast and crew","4154","Group (10+)",
"1","14 May 2026","16:04:59","Other","Know cast and crew","4154","Group (10+)",
"1","14 May 2026","16:04:59","Other","Know cast and crew","4154","Group (10+)",
"1","14 May 2026","16:04:59","Other","Know cast and crew","4154","Group (10+)",
"1","14 May 2026","16:04:59","Other","Know cast and crew","4154","Group (10+)",
"1","14 May 2026","16:35:14","Word of Mouth","","4070","Group (10+)",
"1","14 May 2026","16:35:14","Word of Mouth","","4070","Group (10+)",
"1","14 May 2026","16:35:14","Word of Mouth","","4070","Group (10+)",
"1","14 May 2026","16:35:14","Word of Mouth","","4070","Group (10+)",
"1","14 May 2026","16:35:14","Word of Mouth","","4070","Group (10+)",
"1","14 May 2026","16:35:14","Word of Mouth","","4070","Group (10+)",
"1","14 May 2026","16:35:14","Word of Mouth","","4070","Group (10+)",
"1","14 May 2026","16:35:14","Word of Mouth","","4070","Group (10+)",
"1","14 May 2026","16:35:14","Word of Mouth","","4070","Group (10+)",
"1","14 May 2026","16:35:14","Word of Mouth","","4070","Group (10+)",
"1","14 May 2026","16:35:14","Word of Mouth","","4070","Group (10+)",
"1","14 May 2026","16:35:14","Word of Mouth","","4070","Group (10+)",
"1","14 May 2026","16:35:14","Word of Mouth","","4070","Group (10+)",
"1","14 May 2026","16:35:14","Word of Mouth","","4070","Group (10+)",
"1","14 May 2026","17:51:26","Facebook","","4178","Adult",
"1","14 May 2026","17:51:26","Facebook","","4178","Adult",
"1","15 May 2026","10:02:56","Email list","","4172","Concession",
"1","15 May 2026","10:02:56","Email list","","4172","Concession",
"1","15 May 2026","10:02:56","Email list","","4172","Concession",
"1","15 May 2026","10:02:56","Email list","","4172","Concession",
"1","15 May 2026","10:02:56","Email list","","4172","Concession",
"1","15 May 2026","10:02:56","Email list","","4172","Concession",
"1","15 May 2026","10:25:20","Word of Mouth","","4300","Adult",
"1","15 May 2026","10:38:14","Email list","","4179","Concession",
"1","15 May 2026","10:38:14","Email list","","4179","Concession",
"1","15 May 2026","12:56:59","Email list","","4173","Adult",
"1","15 May 2026","12:56:59","Email list","","4173","Adult",
"1","15 May 2026","12:56:59","Email list","","4173","Concession",
"1","15 May 2026","12:56:59","Email list","","4173","Concession",
"1","15 May 2026","12:56:59","Email list","","4173","Concession",
"1","15 May 2026","12:56:59","Email list","","4173","Concession",
"1","15 May 2026","13:10:47","Other","BO (season tix)","4178","Season Ticket",
"1","15 May 2026","13:10:47","Other","BO (season tix)","4178","Season Ticket",
"1","15 May 2026","13:10:47","Other","BO (season tix)","4178","Concession",
"1","15 May 2026","13:10:47","Other","BO (season tix)","4178","Concession",
"1","15 May 2026","13:14:28","Other","BO (Launch booking)","4178","Group - Box Office",
"1","15 May 2026","13:14:28","Other","BO (Launch booking)","4178","Group - Box Office",
"1","15 May 2026","13:14:28","Other","BO (Launch booking)","4178","Group - Box Office",
"1","15 May 2026","13:14:28","Other","BO (Launch booking)","4178","Group - Box Office",
"1","15 May 2026","13:14:28","Other","BO (Launch booking)","4178","Group - Box Office",
"1","15 May 2026","13:14:28","Other","BO (Launch booking)","4178","Group - Box Office",
"1","15 May 2026","13:14:28","Other","BO (Launch booking)","4178","Group - Box Office",
"1","15 May 2026","13:14:28","Other","BO (Launch booking)","4178","Group - Box Office",
"1","15 May 2026","13:14:28","Other","BO (Launch booking)","4178","Group - Box Office",
"1","15 May 2026","13:14:28","Other","BO (Launch booking)","4178","Group - Box Office",
"1","15 May 2026","13:14:28","Other","BO (Launch booking)","4178","Group - Box Office",
"1","15 May 2026","13:14:28","Other","BO (Launch booking)","4178","Group - Box Office",
"1","15 May 2026","13:14:28","Other","BO (Launch booking)","4178","Group - Box Office",
"1","15 May 2026","13:14:28","Other","BO (Launch booking)","4178","Group - Box Office",
"1","15 May 2026","13:14:28","Other","BO (Launch booking)","4178","Group - Box Office",
"1","15 May 2026","13:14:28","Other","BO (Launch booking)","4178","Group - Box Office",
"1","15 May 2026","13:14:28","Other","BO (Launch booking)","4178","Group - Box Office",
"1","15 May 2026","13:14:28","Other","BO (Launch booking)","4178","Group - Box Office",
"1","15 May 2026","13:14:28","Other","BO (Launch booking)","4178","Group - Box Office",
"1","15 May 2026","13:14:28","Other","BO (Launch booking)","4178","Group - Box Office",
"1","15 May 2026","13:14:28","Other","BO (Launch booking)","4178","Complimentary",
"1","15 May 2026","13:14:28","Other","BO (Launch booking)","4178","Complimentary",
"1","15 May 2026","13:26:05","Other","BO","4178","Concession",
"1","15 May 2026","13:26:05","Other","BO","4178","Concession",
"1","15 May 2026","13:26:05","Other","BO","4178","Concession",
"1","15 May 2026","13:26:05","Other","BO","4178","Complimentary",
"1","15 May 2026","13:26:39","Email list","","4154","Group (10+)",
"1","15 May 2026","13:26:39","Email list","","4154","Group (10+)",
"1","15 May 2026","13:26:39","Email list","","4154","Group (10+)",
"1","15 May 2026","13:26:39","Email list","","4154","Group (10+)",
"1","15 May 2026","13:26:39","Email list","","4154","Group (10+)",
"1","15 May 2026","13:26:39","Email list","","4154","Group (10+)",
"1","15 May 2026","13:26:39","Email list","","4154","Group (10+)",
"1","15 May 2026","13:26:39","Email list","","4154","Group (10+)",
"1","15 May 2026","13:26:39","Email list","","4154","Group (10+)",
"1","15 May 2026","13:26:39","Email list","","4154","Group (10+)",
"1","15 May 2026","21:02:01","Word of Mouth","","4064","Concession",
"1","16 May 2026","14:15:05","Word of Mouth","","4500","Concession",
"1","16 May 2026","14:15:05","Word of Mouth","","4500","Concession",
"1","16 May 2026","16:37:03","Word of Mouth;Facebook","","4159","Adult",
"1","16 May 2026","16:37:03","Word of Mouth;Facebook","","4159","Concession",
"1","17 May 2026","12:05:01","Word of Mouth","","4179","Group (10+)",
"1","17 May 2026","12:05:01","Word of Mouth","","4179","Group (10+)",
"1","17 May 2026","12:05:01","Word of Mouth","","4179","Group (10+)",
"1","17 May 2026","12:05:01","Word of Mouth","","4179","Group (10+)",
"1","17 May 2026","12:05:01","Word of Mouth","","4179","Group (10+)",
"1","17 May 2026","12:05:01","Word of Mouth","","4179","Group (10+)",
"1","17 May 2026","12:05:01","Word of Mouth","","4179","Group (10+)",
"1","17 May 2026","12:05:01","Word of Mouth","","4179","Group (10+)",
"1","17 May 2026","12:05:01","Word of Mouth","","4179","Group (10+)",
"1","17 May 2026","12:05:01","Word of Mouth","","4179","Group (10+)",
"1","17 May 2026","12:05:01","Word of Mouth","","4179","Group (10+)",
"1","17 May 2026","12:05:01","Word of Mouth","","4179","Group (10+)",
"1","17 May 2026","12:05:01","Word of Mouth","","4179","Group (10+)",
"1","17 May 2026","12:05:01","Word of Mouth","","4179","Group (10+)",
"1","17 May 2026","12:05:01","Word of Mouth","","4179","Group (10+)",
"1","17 May 2026","12:05:01","Word of Mouth","","4179","Group (10+)",
"1","17 May 2026","12:05:01","Word of Mouth","","4179","Group (10+)",
"1","17 May 2026","12:05:01","Word of Mouth","","4179","Group (10+)",
"1","17 May 2026","12:05:01","Word of Mouth","","4179","Group (10+)",
"1","17 May 2026","12:05:01","Word of Mouth","","4179","Group (10+)",
"1","17 May 2026","12:05:01","Word of Mouth","","4179","Group (10+)",
"1","17 May 2026","12:05:01","Word of Mouth","","4179","Group (10+)",
"1","17 May 2026","12:05:01","Word of Mouth","","4179","Group (10+)",
"1","17 May 2026","12:05:01","Word of Mouth","","4179","Group (10+)",
"1","17 May 2026","12:05:01","Word of Mouth","","4179","Group (10+)",
"1","17 May 2026","12:05:01","Word of Mouth","","4179","Group (10+)",
"1","17 May 2026","12:05:01","Word of Mouth","","4179","Group (10+)",
"1","17 May 2026","17:14:10","Email list","","4557","Family (Online Only)",
"1","17 May 2026","17:14:10","Email list","","4557","Family (Online Only)",
"1","17 May 2026","17:14:10","Email list","","4557","Family (Online Only)",
"1","17 May 2026","17:14:10","Email list","","4557","Family (Online Only)",
"1","17 May 2026","17:14:10","Email list","","4557","Concession",
"1","17 May 2026","17:14:10","Email list","","4557","Concession",
"1","17 May 2026","17:14:10","Email list","","4557","Junior",
"1","17 May 2026","20:57:17","Word of Mouth","","4343","Adult",
"1","17 May 2026","20:57:17","Word of Mouth","","4343","Adult",
"1","18 May 2026","11:59:39","Word of Mouth","","4179","Family (Online Only)",
"1","18 May 2026","11:59:39","Word of Mouth","","4179","Family (Online Only)",
"1","18 May 2026","11:59:39","Word of Mouth","","4179","Family (Online Only)",
"1","18 May 2026","11:59:39","Word of Mouth","","4179","Family (Online Only)",
"1","18 May 2026","12:01:52","Word of Mouth","","4179","Concession",
"1","18 May 2026","12:37:50","Word of Mouth","","4178","Concession",
"1","18 May 2026","12:37:50","Word of Mouth","","4178","Concession",
"1","18 May 2026","14:15:56","Other","BO","4178","Group (10+)",
"1","18 May 2026","14:15:56","Other","BO","4178","Group (10+)",
"1","18 May 2026","14:15:56","Other","BO","4178","Group (10+)",
"1","18 May 2026","14:15:56","Other","BO","4178","Group (10+)",
"1","18 May 2026","14:15:56","Other","BO","4178","Group (10+)",
"1","18 May 2026","14:15:56","Other","BO","4178","Group (10+)",
"1","18 May 2026","14:15:56","Other","BO","4178","Group (10+)",
"1","18 May 2026","14:15:56","Other","BO","4178","Group (10+)",
"1","18 May 2026","14:15:56","Other","BO","4178","Group (10+)",
"1","18 May 2026","14:15:56","Other","BO","4178","Group (10+)",
"1","18 May 2026","14:15:56","Other","BO","4178","Group (10+)",
"1","18 May 2026","14:15:56","Other","BO","4178","Group (10+)",
"1","18 May 2026","14:15:56","Other","BO","4178","Group (10+)",
"1","18 May 2026","14:15:56","Other","BO","4178","Group (10+)",
"1","18 May 2026","14:15:56","Other","BO","4178","Group (10+)",
"1","18 May 2026","14:15:56","Other","BO","4178","Group (10+)",
"1","18 May 2026","14:15:56","Other","BO","4178","Group (10+)",
"1","18 May 2026","14:15:56","Other","BO","4178","Group (10+)",
"1","18 May 2026","14:15:56","Other","BO","4178","Group (10+)",
"1","18 May 2026","14:15:56","Other","BO","4178","Complimentary",
"1","18 May 2026","14:16:46","Other","BO","4178","Complimentary",
"1","18 May 2026","14:16:46","Other","BO","4178","Complimentary",
"1","18 May 2026","14:18:49","Other","BO","4178","Group (10+)",
"1","18 May 2026","14:18:49","Other","BO","4178","Group (10+)",
"1","18 May 2026","14:18:49","Other","BO","4178","Group (10+)",
"1","18 May 2026","14:18:49","Other","BO","4178","Group (10+)",
"1","18 May 2026","14:18:49","Other","BO","4178","Group (10+)",
"1","18 May 2026","14:18:49","Other","BO","4178","Group (10+)",
"1","18 May 2026","14:18:49","Other","BO","4178","Group (10+)",
"1","18 May 2026","14:18:49","Other","BO","4178","Group (10+)",
"1","18 May 2026","14:18:49","Other","BO","4178","Group (10+)",
"1","18 May 2026","14:18:49","Other","BO","4178","Group (10+)",
"1","18 May 2026","14:18:49","Other","BO","4178","Group (10+)",
"1","18 May 2026","14:18:49","Other","BO","4178","Group (10+)",
"1","18 May 2026","14:18:49","Other","BO","4178","Group (10+)",
"1","18 May 2026","14:18:49","Other","BO","4178","Group (10+)",
"1","18 May 2026","14:18:49","Other","BO","4178","Group (10+)",
"1","18 May 2026","14:18:49","Other","BO","4178","Group (10+)",
"1","18 May 2026","14:18:49","Other","BO","4178","Group (10+)",
"1","18 May 2026","14:18:49","Other","BO","4178","Group (10+)",
"1","18 May 2026","14:18:49","Other","BO","4178","Group (10+)",
"1","18 May 2026","14:18:49","Other","BO","4178","Group (10+)",
"1","18 May 2026","14:18:49","Other","BO","4178","Group (10+)",
"1","18 May 2026","14:18:49","Other","BO","4178","Group (10+)",
"1","18 May 2026","14:18:49","Other","BO","4178","Group (10+)",
"1","18 May 2026","14:18:49","Other","BO","4178","Group (10+)",
"1","18 May 2026","14:18:49","Other","BO","4178","Group (10+)",
"1","18 May 2026","14:18:49","Other","BO","4178","Group (10+)",
"1","18 May 2026","14:18:49","Other","BO","4178","Group (10+)",
"1","18 May 2026","14:18:49","Other","BO","4178","Complimentary",
"1","18 May 2026","14:18:49","Other","BO","4178","Complimentary",
"1","18 May 2026","14:20:47","Other","BO","4178","Group (10+)",
"1","18 May 2026","14:20:47","Other","BO","4178","Group (10+)",
"1","18 May 2026","14:20:47","Other","BO","4178","Group (10+)",
"1","18 May 2026","14:20:47","Other","BO","4178","Group (10+)",
"1","18 May 2026","14:20:47","Other","BO","4178","Group (10+)",
"1","18 May 2026","14:20:47","Other","BO","4178","Group (10+)",
"1","18 May 2026","14:20:47","Other","BO","4178","Group (10+)",
"1","18 May 2026","14:20:47","Other","BO","4178","Group (10+)",
"1","18 May 2026","14:20:47","Other","BO","4178","Group (10+)",
"1","18 May 2026","14:20:47","Other","BO","4178","Group (10+)",
"1","18 May 2026","14:20:47","Other","BO","4178","Group (10+)",
"1","18 May 2026","14:20:47","Other","BO","4178","Group (10+)",
"1","18 May 2026","14:20:47","Other","BO","4178","Group (10+)",
"1","18 May 2026","14:20:47","Other","BO","4178","Group (10+)",
"1","18 May 2026","14:20:47","Other","BO","4178","Group (10+)",
"1","18 May 2026","14:20:47","Other","BO","4178","Group (10+)",
"1","18 May 2026","14:20:47","Other","BO","4178","Group (10+)",
"1","18 May 2026","14:20:47","Other","BO","4178","Group (10+)",
"1","18 May 2026","14:20:47","Other","BO","4178","Group (10+)",
"1","18 May 2026","14:20:47","Other","BO","4178","Group (10+)",
"1","18 May 2026","14:20:47","Other","BO","4178","Complimentary",
"1","18 May 2026","14:20:47","Other","BO","4178","Complimentary",
"1","18 May 2026","16:04:15","Email list","","4120","Concession",
"1","18 May 2026","16:04:15","Email list","","4120","Concession",
"1","19 May 2026","00:36:45","Word of Mouth","","4300","Adult",
"1","19 May 2026","00:36:45","Word of Mouth","","4300","Concession",
"1","19 May 2026","00:36:45","Word of Mouth","","4300","Concession",
"1","19 May 2026","08:45:09","Word of Mouth;Facebook","","4116","Adult",
"1","19 May 2026","08:45:09","Word of Mouth;Facebook","","4116","Junior",
"1","19 May 2026","19:01:43","Other","BO","4178","Season Ticket",
"1","19 May 2026","19:01:43","Other","BO","4178","Season Ticket",
"1","19 May 2026","20:24:48","Other","BO","4178","Season Ticket",
"1","19 May 2026","20:24:48","Other","BO","4178","Complimentary",
"1","20 May 2026","15:47:51","Email list","","4018","Adult",
"1","20 May 2026","15:47:51","Email list","","4018","Adult",
"1","20 May 2026","15:47:51","Email list","","4018","Adult",
"1","20 May 2026","15:47:51","Email list","","4018","Adult",
"1","20 May 2026","15:47:51","Email list","","4018","Adult",
"1","20 May 2026","15:47:51","Email list","","4018","Adult",
"1","20 May 2026","21:09:51","Email list","","4007","Group (10+)",
"1","20 May 2026","21:09:51","Email list","","4007","Group (10+)",
"1","20 May 2026","21:09:51","Email list","","4007","Group (10+)",
"1","20 May 2026","21:09:51","Email list","","4007","Group (10+)",
"1","20 May 2026","21:09:51","Email list","","4007","Group (10+)",
"1","20 May 2026","21:09:51","Email list","","4007","Group (10+)",
"1","20 May 2026","21:09:51","Email list","","4007","Group (10+)",
"1","20 May 2026","21:09:51","Email list","","4007","Group (10+)",
"1","20 May 2026","21:09:51","Email list","","4007","Group (10+)",
"1","20 May 2026","21:09:51","Email list","","4007","Group (10+)",
"1","20 May 2026","21:09:51","Email list","","4007","Group (10+)",
"1","20 May 2026","21:09:51","Email list","","4007","Group (10+)",
"1","20 May 2026","21:09:51","Email list","","4007","Group (10+)",
"1","20 May 2026","21:09:51","Email list","","4007","Group (10+)",
"1","20 May 2026","21:09:51","Email list","","4007","Group (10+)",
"1","20 May 2026","21:09:51","Email list","","4007","Group (10+)",
"1","20 May 2026","21:09:51","Email list","","4007","Group (10+)",
"1","20 May 2026","21:09:51","Email list","","4007","Group (10+)",
"1","20 May 2026","21:09:51","Email list","","4007","Group (10+)",
"1","20 May 2026","21:09:51","Email list","","4007","Group (10+)",
"1","20 May 2026","21:09:51","Email list","","4007","Group (10+)",
"1","20 May 2026","21:09:51","Email list","","4007","Group (10+)",
"1","20 May 2026","21:09:51","Email list","","4007","Group (10+)",
"1","20 May 2026","21:09:51","Email list","","4007","Group (10+)",
"1","20 May 2026","22:08:41","Facebook","","4159","Adult",
"1","20 May 2026","22:08:41","Facebook","","4159","Adult",
"1","20 May 2026","22:08:41","Facebook","","4159","Concession",
"1","20 May 2026","22:08:41","Facebook","","4159","Concession",
"1","21 May 2026","01:16:41","Facebook","","4207","Adult",
"1","21 May 2026","01:16:41","Facebook","","4207","Adult",
"1","21 May 2026","15:42:23","Other","I am family of one of the cast members :-)","4010","Adult",
"1","21 May 2026","15:42:23","Other","I am family of one of the cast members :-)","4010","Adult",
"1","21 May 2026","19:30:26","Other","BO","4178","Group (10+)",
"1","21 May 2026","19:30:26","Other","BO","4178","Group (10+)",
"1","21 May 2026","19:30:26","Other","BO","4178","Group (10+)",
"1","21 May 2026","19:30:26","Other","BO","4178","Group (10+)",
"1","21 May 2026","19:30:26","Other","BO","4178","Group (10+)",
"1","21 May 2026","19:30:26","Other","BO","4178","Group (10+)",
"1","21 May 2026","19:30:26","Other","BO","4178","Group (10+)",
"1","21 May 2026","19:30:26","Other","BO","4178","Group (10+)",
"1","21 May 2026","19:30:26","Other","BO","4178","Group (10+)",
"1","21 May 2026","19:30:26","Other","BO","4178","Group (10+)",
"1","21 May 2026","19:30:26","Other","BO","4178","Group (10+)",
"1","21 May 2026","19:30:26","Other","BO","4178","Group (10+)",
"1","21 May 2026","19:30:26","Other","BO","4178","Group (10+)",
"1","21 May 2026","19:30:26","Other","BO","4178","Group (10+)",
"1","21 May 2026","19:30:26","Other","BO","4178","Group (10+)",
"1","21 May 2026","19:30:26","Other","BO","4178","Group (10+)",
"1","21 May 2026","19:30:26","Other","BO","4178","Group (10+)",
"1","21 May 2026","19:30:26","Other","BO","4178","Group (10+)",
"1","21 May 2026","19:30:26","Other","BO","4178","Group (10+)",
"1","21 May 2026","19:30:26","Other","BO","4178","Group (10+)",
"1","21 May 2026","19:30:26","Other","BO","4178","Complimentary",
"1","21 May 2026","19:30:26","Other","BO","4178","Complimentary",
"1","21 May 2026","19:30:26","Other","BO","4178","Complimentary",
"1","21 May 2026","19:39:07","Other","BO","4178","Complimentary",
"1","21 May 2026","19:39:07","Other","BO","4178","Complimentary",
"1","21 May 2026","19:39:07","Other","BO","4178","Group (10+)",
"1","21 May 2026","19:39:07","Other","BO","4178","Group (10+)",
"1","21 May 2026","19:39:07","Other","BO","4178","Group (10+)",
"1","21 May 2026","19:39:07","Other","BO","4178","Group (10+)",
"1","21 May 2026","19:39:07","Other","BO","4178","Group (10+)",
"1","21 May 2026","19:39:07","Other","BO","4178","Group (10+)",
"1","21 May 2026","19:39:07","Other","BO","4178","Group (10+)",
"1","21 May 2026","19:39:07","Other","BO","4178","Group (10+)",
"1","21 May 2026","19:39:07","Other","BO","4178","Group (10+)",
"1","21 May 2026","19:39:07","Other","BO","4178","Group (10+)",
"1","21 May 2026","19:39:07","Other","BO","4178","Group (10+)",
"1","21 May 2026","19:39:07","Other","BO","4178","Group (10+)",
"1","21 May 2026","19:39:07","Other","BO","4178","Group (10+)",
"1","21 May 2026","19:39:07","Other","BO","4178","Group (10+)",
"1","21 May 2026","19:39:07","Other","BO","4178","Group (10+)",
"1","21 May 2026","19:39:07","Other","BO","4178","Group (10+)",
"1","21 May 2026","19:39:07","Other","BO","4178","Group (10+)",
"1","21 May 2026","19:39:07","Other","BO","4178","Group (10+)",
"1","21 May 2026","19:39:07","Other","BO","4178","Group (10+)",
"1","21 May 2026","19:39:07","Other","BO","4178","Group (10+)",
"1","21 May 2026","19:39:07","Other","BO","4178","Group (10+)",
"1","21 May 2026","19:39:07","Other","BO","4178","Group (10+)",
"1","21 May 2026","19:39:07","Other","BO","4178","Group (10+)",
"1","21 May 2026","19:39:07","Other","BO","4178","Group (10+)",
"1","21 May 2026","19:44:21","Other","BO","4178","Group (10+)",
"1","21 May 2026","19:44:21","Other","BO","4178","Group (10+)",
"1","21 May 2026","19:44:21","Other","BO","4178","Group (10+)",
"1","21 May 2026","19:44:21","Other","BO","4178","Group (10+)",
"1","21 May 2026","19:44:21","Other","BO","4178","Group (10+)",
"1","21 May 2026","19:44:21","Other","BO","4178","Group (10+)",
"1","21 May 2026","19:44:21","Other","BO","4178","Group (10+)",
"1","21 May 2026","19:44:21","Other","BO","4178","Group (10+)",
"1","21 May 2026","19:44:21","Other","BO","4178","Group (10+)",
"1","21 May 2026","19:44:21","Other","BO","4178","Group (10+)",
"1","21 May 2026","19:44:21","Other","BO","4178","Group (10+)",
"1","21 May 2026","19:44:21","Other","BO","4178","Group (10+)",
"1","21 May 2026","19:44:21","Other","BO","4178","Group (10+)",
"1","21 May 2026","19:44:21","Other","BO","4178","Group (10+)",
"1","21 May 2026","19:44:21","Other","BO","4178","Group (10+)",
"1","21 May 2026","19:44:21","Other","BO","4178","Group (10+)",
"1","21 May 2026","19:44:21","Other","BO","4178","Group (10+)",
"1","21 May 2026","19:44:21","Other","BO","4178","Group (10+)",
"1","21 May 2026","19:44:21","Other","BO","4178","Group (10+)",
"1","21 May 2026","19:44:21","Other","BO","4178","Group (10+)",
"1","21 May 2026","19:44:21","Other","BO","4178","Group (10+)",
"1","21 May 2026","19:44:21","Other","BO","4178","Group (10+)",
"1","21 May 2026","19:44:21","Other","BO","4178","Group (10+)",
"1","21 May 2026","19:44:21","Other","BO","4178","Group (10+)",
"1","21 May 2026","19:44:21","Other","BO","4178","Group (10+)",
"1","21 May 2026","19:44:21","Other","BO","4178","Group (10+)",
"1","21 May 2026","19:44:21","Other","BO","4178","Group (10+)",
"1","21 May 2026","19:44:21","Other","BO","4178","Group (10+)",
"1","21 May 2026","19:44:21","Other","BO","4178","Group (10+)",
"1","21 May 2026","19:44:21","Other","BO","4178","Group (10+)",
"1","21 May 2026","19:44:21","Other","BO","4178","Group (10+)",
"1","21 May 2026","19:44:21","Other","BO","4178","Group (10+)",
"1","21 May 2026","19:44:21","Other","BO","4178","Group (10+)",
"1","21 May 2026","19:44:21","Other","BO","4178","Group (10+)",
"1","21 May 2026","19:44:21","Other","BO","4178","Group (10+)",
"1","21 May 2026","19:44:21","Other","BO","4178","Group (10+)",
"1","21 May 2026","19:44:21","Other","BO","4178","Group (10+)",
"1","21 May 2026","19:44:21","Other","BO","4178","Group (10+)",
"1","21 May 2026","19:44:21","Other","BO","4178","Group (10+)",
"1","21 May 2026","19:44:21","Other","BO","4178","Group (10+)",
"1","21 May 2026","19:44:21","Other","BO","4178","Complimentary",
"1","21 May 2026","19:44:21","Other","BO","4178","Complimentary",
"1","21 May 2026","19:44:21","Other","BO","4178","Complimentary",
"1","21 May 2026","19:49:37","Other","BO","4178","Group (10+)",
"1","21 May 2026","19:49:37","Other","BO","4178","Group (10+)",
"1","21 May 2026","19:49:37","Other","BO","4178","Group (10+)",
"1","21 May 2026","19:49:37","Other","BO","4178","Group (10+)",
"1","21 May 2026","19:49:37","Other","BO","4178","Group (10+)",
"1","21 May 2026","19:49:37","Other","BO","4178","Group (10+)",
"1","21 May 2026","19:49:37","Other","BO","4178","Group (10+)",
"1","21 May 2026","19:49:37","Other","BO","4178","Group (10+)",
"1","21 May 2026","19:49:37","Other","BO","4178","Group (10+)",
"1","21 May 2026","19:49:37","Other","BO","4178","Group (10+)",
"1","21 May 2026","19:49:37","Other","BO","4178","Group (10+)",
"1","21 May 2026","19:49:37","Other","BO","4178","Group (10+)",
"1","21 May 2026","19:49:37","Other","BO","4178","Group (10+)",
"1","21 May 2026","19:49:37","Other","BO","4178","Group (10+)",
"1","21 May 2026","19:49:37","Other","BO","4178","Group (10+)",
"1","21 May 2026","19:49:37","Other","BO","4178","Group (10+)",
"1","21 May 2026","19:49:37","Other","BO","4178","Group (10+)",
"1","21 May 2026","19:49:37","Other","BO","4178","Group (10+)",
"1","21 May 2026","19:49:37","Other","BO","4178","Group (10+)",
"1","21 May 2026","19:49:37","Other","BO","4178","Group (10+)",
"1","21 May 2026","19:49:37","Other","BO","4178","Group (10+)",
"1","21 May 2026","19:49:37","Other","BO","4178","Group (10+)",
"1","21 May 2026","19:49:37","Other","BO","4178","Group (10+)",
"1","21 May 2026","19:49:37","Other","BO","4178","Group (10+)",
"1","21 May 2026","19:49:37","Other","BO","4178","Group (10+)",
"1","21 May 2026","19:49:37","Other","BO","4178","Group (10+)",
"1","21 May 2026","19:49:37","Other","BO","4178","Group (10+)",
"1","21 May 2026","19:49:37","Other","BO","4178","Group (10+)",
"1","21 May 2026","19:49:37","Other","BO","4178","Group (10+)",
"1","21 May 2026","19:49:37","Other","BO","4178","Group (10+)",
"1","21 May 2026","19:49:37","Other","BO","4178","Complimentary",
"1","21 May 2026","19:49:37","Other","BO","4178","Complimentary",
"1","21 May 2026","19:56:23","Other","BO","4178","Concession",
"1","21 May 2026","19:56:23","Other","BO","4178","Concession",
"1","21 May 2026","19:56:23","Other","BO","4178","Complimentary",
"1","21 May 2026","19:56:23","Other","BO","4178","Complimentary",
"1","22 May 2026","08:28:17","Word of Mouth","","4000","Adult",
"1","22 May 2026","08:28:17","Word of Mouth","","4000","Adult",
"1","22 May 2026","08:28:17","Word of Mouth","","4000","Adult",
"1","22 May 2026","08:28:17","Word of Mouth","","4000","Adult",
"1","22 May 2026","08:28:17","Word of Mouth","","4000","Adult",
"1","22 May 2026","08:28:17","Word of Mouth","","4000","Adult",
"1","22 May 2026","08:28:17","Word of Mouth","","4000","Adult",
"1","22 May 2026","12:03:20","Word of Mouth","","4172","Concession",
"1","22 May 2026","12:03:20","Word of Mouth","","4172","Concession",
"1","22 May 2026","18:19:15","Word of Mouth","","4154","Adult",
"1","22 May 2026","18:19:15","Word of Mouth","","4154","Adult",
"1","23 May 2026","09:52:45","Word of Mouth","","4178","Adult",
"1","23 May 2026","09:52:45","Word of Mouth","","4178","Adult",
"1","23 May 2026","09:52:45","Word of Mouth","","4178","Adult",
"1","23 May 2026","10:38:46","Facebook","","4158","Adult",
"1","23 May 2026","10:38:46","Facebook","","4158","Concession",
"1","23 May 2026","10:38:46","Facebook","","4158","Junior",
"1","23 May 2026","11:38:04","Instagram","","4171","Adult",
"1","23 May 2026","11:38:04","Instagram","","4171","Adult",
"1","23 May 2026","11:38:04","Instagram","","4171","Concession",
"1","23 May 2026","11:56:16","Word of Mouth","","4178","Family (Online Only)",
"1","23 May 2026","11:56:16","Word of Mouth","","4178","Family (Online Only)",
"1","23 May 2026","11:56:16","Word of Mouth","","4178","Family (Online Only)",
"1","23 May 2026","11:56:16","Word of Mouth","","4178","Family (Online Only)",
"1","23 May 2026","15:56:07","Email list","","4173","Concession",
"1","23 May 2026","15:56:07","Email list","","4173","Concession",
"1","23 May 2026","17:07:39","Email list","","4178","Concession",
"1","23 May 2026","17:07:39","Email list","","4178","Concession",
"1","23 May 2026","17:07:39","Email list","","4178","Concession",
"1","23 May 2026","17:07:39","Email list","","4178","Concession"